State Name,State Abbreviation ,Year,Food Insecurity Rate (aggregate of counties), Estimated Number Food Insecure Individuals ,Low Threshold in state,Low Threshold Type,High Threshold in state,High Threshold Type,% FI ? Low Threshold,% FI Btwn Thresholds,% FI > High Threshold,Weighted Annual Dollars , Cost Per Meal ,Child Food Insecurity Rate (aggregate of counties), Number Food Insecure Children (aggregate of counties) ,% of children in FI HH with incomes at or below 185% FPL,% of children in FI HH with incomes above 185% FPL,Population
Alaska,AK,2009,0.135,"90,300",1.3,SNAP,1.85,other nutrition pgm,0.4,0.17,0.42,n/a,n/a,0.21,"38,090",0.55,0.45,698895
Alaska,AK,2010,0.146,"104,510",1.3,SNAP,1.85,Other Nutrition Program,0.39,0.21,0.4,"$48,031,340 ",$2.67 ,0.2,"36,670",0.54,0.46,713910
Alaska,AK,2011,0.147,106200,1.3,SNAP,1.85,Other Nutrition Program,0.42,0.23,0.36,"$50,209,200 ",$2.90 ,0.2,37640,0.65,0.35,722128
Alaska,AK,2012,0.14,"102,180",1.3,SNAP,1.85,Other Nutrition Program,0.45,0.18,0.37,"$55,653,000 ",$3.11 ,0.2,"36,650",0.61,0.39,730443
Alaska,AK,2013,0.142,"104,750",1.3,SNAP,1.85,Other Nutrition Program,0.41,0.19,0.4,"$59,107,000 ",$3.19 ,0.2,"37,590",0.6,0.4,737068
Alaska,AK,2014,0.144,"105,770",1.3,SNAP,1.85,Other Nutrition Program,0.45,0.15,0.4,"$62,181,000 ",$3.33 ,0.2,"38,080",0.58,0.42,736283
Alaska,AK,2015,0.139,"102,670",1.3,SNAP,1.85,Other Nutrition Program,0.44,0.18,0.39,"$62,743,000 ",$3.41 ,0.2,"36,560",0.61,0.39,737498
Alaska,AK,2016,0.134,"99,650",1.3,SNAP,1.85,Other Nutrition Program,0.43,0.15,0.42,"$58,525,000 ",$3.44 ,0.19,"34,800",0.58,0.42,741456
Alaska,AK,2017,0.136,"100,310",1.3,SNAP,1.85,Other Nutrition Program,0.45,0.15,0.4,"$57,721,000 ",$3.37 ,0.19,"34,690",0.59,0.41,739700
Alaska,AK,2018,0.129,"95,190",1.3,SNAP,1.85,Other Nutrition Program,0.47,0.15,0.38,"$57,930,000 ",$3.60 ,0.18,"33,200",0.65,0.35,735139
Alabama,AL,2019,0.161,"788,250",1.3,SNAP,1.85,Other Nutrition Program,0.5,0.15,0.34,"$405,611,000 ",$3.01 ,0.21,"226,310",0.78,0.22,4903185
Alabama,AL,2009,0.178,"826,770",1.3,SNAP,1.85,other nutrition pgm,0.46,0.23,0.32,"$354,008,530 ",$2.56 ,0.27,"299,390",0.67,0.33,4757938
Alabama,AL,2010,0.192,"919,670",1.3,SNAP,1.85,Other Nutrition Program,0.46,0.22,0.33,"$392,590,090 ",$2.48 ,0.27,"298,960",0.7,0.3,4785437
Alabama,AL,2011,0.195,936410,1.3,SNAP,1.85,Other Nutrition Program,0.51,0.21,0.28,"$403,023,850 ",$2.64 ,0.26,292740,0.75,0.25,4799069
Alabama,AL,2012,0.186,"895,430",1.3,SNAP,1.85,Other Nutrition Program,0.53,0.19,0.28,"$430,525,000 ",$2.75 ,0.26,"289,960",0.74,0.26,4815588
Alabama,AL,2013,0.188,"908,770",1.3,SNAP,1.85,Other Nutrition Program,0.54,0.18,0.28,"$444,265,000 ",$2.76 ,0.26,"294,060",0.76,0.24,4830081
Alabama,AL,2014,0.188,"911,440",1.3,SNAP,1.85,Other Nutrition Program,0.53,0.16,0.3,"$466,367,000 ",$2.90 ,0.26,"292,330",0.73,0.27,4841799
Alabama,AL,2015,0.177,"859,380",1.3,SNAP,1.85,Other Nutrition Program,0.54,0.18,0.28,"$450,670,000 ",$2.92 ,0.24,"267,040",0.73,0.27,4852347
Alabama,AL,2016,0.165,"800,620",1.3,SNAP,1.85,Other Nutrition Program,0.53,0.16,0.31,"$406,639,000 ",$2.97 ,0.23,"247,140",0.71,0.29,4863525
Alabama,AL,2017,0.163,"795,760",1.3,SNAP,1.85,Other Nutrition Program,0.52,0.16,0.32,"$404,180,000 ",$2.98 ,0.22,"243,880",0.72,0.28,4874486
Alabama,AL,2018,0.17,"829,220",1.3,SNAP,1.85,Other Nutrition Program,0.51,0.16,0.33,"$423,745,000 ",$3.02 ,0.23,"251,800",0.76,0.24,4887681
Alaska,AK,2019,0.119,"86,970",1.3,SNAP,1.85,Other Nutrition Program,0.49,0.15,0.36,"$53,905,000 ",$3.63 ,0.16,"28,160",0.72,0.28,731545
Arkansas,AR,2009,0.178,"506,600",1.3,SNAP,1.85,other nutrition pgm,0.49,0.2,0.3,"$209,177,940 ",$2.47 ,0.29,"200,290",0.68,0.32,2896843
Arkansas,AR,2010,0.192,"560,410",1.3,SNAP,1.85,Other Nutrition Program,0.48,0.22,0.31,"$231,511,600 ",$2.40 ,0.28,"194,460",0.71,0.29,2921964
Arkansas,AR,2011,0.197,579200,1.3,SNAP,1.85,Other Nutrition Program,0.52,0.2,0.28,"$237,008,030 ",$2.51 ,0.28,198750,0.73,0.27,2940667
Arkansas,AR,2012,0.194,"573,030",1.3,SNAP,1.85,Other Nutrition Program,0.54,0.17,0.29,"$260,570,000 ",$2.60 ,0.28,"196,950",0.73,0.27,2952164
Arkansas,AR,2013,0.197,"584,270",1.3,SNAP,1.85,Other Nutrition Program,0.56,0.17,0.28,"$273,570,000 ",$2.65 ,0.28,"201,820",0.76,0.24,2959400
Arkansas,AR,2014,0.191,"567,250",1.3,SNAP,1.85,Other Nutrition Program,0.53,0.17,0.3,"$272,668,000 ",$2.72 ,0.26,"185,660",0.72,0.28,2967392
Arkansas,AR,2015,0.184,"549,070",1.3,SNAP,1.85,Other Nutrition Program,0.56,0.17,0.27,"$267,757,000 ",$2.72 ,0.25,"176,710",0.72,0.28,2978048
Arkansas,AR,2016,0.172,"515,270",1.3,SNAP,1.85,Other Nutrition Program,0.54,0.16,0.3,"$246,776,000 ",$2.80 ,0.23,"163,800",0.72,0.28,2989918
Arkansas,AR,2017,0.173,"518,960",1.3,SNAP,1.85,Other Nutrition Program,0.51,0.17,0.32,"$246,939,000 ",$2.79 ,0.24,"167,440",0.7,0.3,3001345
Arkansas,AR,2018,0.173,"521,490",1.3,SNAP,1.85,Other Nutrition Program,0.53,0.15,0.32,"$244,364,000 ",$2.77 ,0.23,"162,270",0.75,0.25,3009733
Arizona,AZ,2019,0.126,"918,940",1.85,"SNAP, Other Nutrition Programs",1.85,"SNAP, Other Nutrition Programs",0.63,,0.37,"$475,515,000 ",$3.03 ,0.18,"288,950",0.67,0.33,7278717
Arizona,AZ,2009,0.174,"1,100,570",1.85,SNAP,1.85,SNAP,0.62,0,0.38,"$446,958,770 ",$2.43 ,0.29,"482,340",0.65,0.35,6343154
Arizona,AZ,2010,0.19,"1,216,900",1.85,"SNAP, Other Nutrition Programs",1.85,"SNAP, Other Nutrition Programs",0.68,0,0.32,"$502,714,910 ",$2.40 ,0.29,"466,010",0.71,0.29,6407172
Arizona,AZ,2011,0.191,1237540,1.85,"SNAP, Other Nutrition Programs",1.85,"SNAP, Other Nutrition Programs",0.69,0,0.32,"$502,364,990 ",$2.49 ,0.3,478420,0.72,0.28,6472643
Arizona,AZ,2012,0.178,"1,169,570",1.85,"SNAP, Other Nutrition Programs",1.85,"SNAP, Other Nutrition Programs",0.69,0,0.31,"$526,731,000 ",$2.57 ,0.28,"456,760",0.71,0.29,6554978
Arizona,AZ,2013,0.175,"1,161,390",1.85,"SNAP, Other Nutrition Programs",1.85,"SNAP, Other Nutrition Programs",0.69,0,0.31,"$561,993,000 ",$2.73 ,0.28,"454,460",0.72,0.28,6632764
Arizona,AZ,2014,0.171,"1,150,650",1.85,"SNAP, Other Nutrition Programs",1.85,"SNAP, Other Nutrition Programs",0.67,,0.33,"$563,767,000 ",$2.78 ,0.27,"434,840",0.68,0.32,6730413
Arizona,AZ,2015,0.158,"1,078,190",1.85,"SNAP, Other Nutrition Programs",1.85,"SNAP, Other Nutrition Programs",0.69,,0.31,"$543,084,000 ",$2.81 ,0.24,"389,850",0.69,0.31,6829676
Arizona,AZ,2016,0.149,"1,033,590",1.85,"SNAP, Other Nutrition Programs",1.85,"SNAP, Other Nutrition Programs",0.67,,0.33,"$506,275,000 ",$2.87 ,0.23,"370,960",0.68,0.32,6941072
Arizona,AZ,2017,0.14,"979,170",1.85,"SNAP, Other Nutrition Programs",1.85,"SNAP, Other Nutrition Programs",0.65,,0.35,"$482,358,000 ",$2.89 ,0.21,"348,550",0.67,0.33,7044008
Arizona,AZ,2018,0.131,"937,300",1.85,"SNAP, Other Nutrition Programs",1.85,"SNAP, Other Nutrition Programs",0.68,,0.32,"$465,259,000 ",$2.93 ,0.19,"311,390",0.69,0.31,7158024
Arkansas,AR,2019,0.166,"499,950",1.3,SNAP,1.85,Other Nutrition Program,0.51,0.16,0.33,"$233,680,000 ",$2.73 ,0.21,"149,670",0.75,0.25,3017804
California,CA,2009,0.167,"6,053,470",1.3,SNAP,1.85,other nutrition pgm,0.48,0.19,0.33,"$2,671,625,540 ",$2.64 ,0.27,"2,580,080",0.63,0.37,36961229
California,CA,2010,0.171,"6,403,510",1.3,SNAP,1.85,Other Nutrition Program,0.51,0.21,0.28,"$2,810,696,200 ",$2.55 ,0.27,"2,453,770",0.67,0.33,37319502
California,CA,2011,0.174,6568450,1.3,SNAP,1.85,Other Nutrition Program,0.54,0.19,0.27,"$2,923,387,080 ",$2.73 ,0.27,2487750,0.71,0.29,37638369
California,CA,2012,0.162,"6,179,590",1.3,SNAP,1.85,Other Nutrition Program,0.58,0.16,0.26,"$3,032,920,000 ",$2.80 ,0.26,"2,426,510",0.71,0.29,37948800
California,CA,2013,0.15,"5,731,740",2,"SNAP, Other Nutrition Programs",2,"SNAP, Other Nutrition Programs",0.78,0,0.22,"$3,037,087,000 ",$2.99 ,0.25,"2,316,570",0.71,0.29,38260787
California,CA,2014,0.139,"5,401,770",2,"SNAP, Other Nutrition Programs",2,"SNAP, Other Nutrition Programs",0.79,,0.21,"$2,896,128,000 ",$3.04 ,0.23,"2,099,120",0.68,0.32,38596972
California,CA,2015,0.125,"4,885,220",2,"SNAP, Other Nutrition Programs",2,"SNAP, Other Nutrition Programs",0.77,,0.23,"$2,750,484,000 ",$3.14 ,0.21,"1,890,050",0.68,0.32,38918045
California,CA,2016,0.117,"4,574,710",2,"SNAP, Other Nutrition Programs",2,"SNAP, Other Nutrition Programs",0.77,,0.23,"$2,473,458,000 ",$3.16 ,0.19,"1,731,270",0.67,0.33,39167117
California,CA,2017,0.11,"4,354,400",2,"SNAP, Other Nutrition Programs",2,"SNAP, Other Nutrition Programs",0.75,,0.25,"$2,381,146,000 ",$3.20 ,0.18,"1,638,430",0.63,0.37,39358497
California,CA,2018,0.108,"4,291,830",2,"SNAP, Other Nutrition Programs",2,"SNAP, Other Nutrition Programs",0.76,,0.24,"$2,385,968,000 ",$3.28 ,0.15,"1,362,340",0.71,0.29,39461588
California,CA,2019,0.102,"4,011,960",2,"SNAP, Other Nutrition Programs",2,"SNAP, Other Nutrition Programs",0.72,,0.28,"$2,233,636,000 ",$3.26 ,0.14,"1,205,260",0.68,0.32,39512223
Colorado,CO,2009,0.143,"694,760",1.3,SNAP,1.85,other nutrition pgm,0.42,0.16,0.42,"$297,484,150 ",$2.56 ,0.23,"271,660",0.57,0.43,4972195
Colorado,CO,2010,0.155,"783,380",1.3,SNAP,1.85,Other Nutrition Program,0.45,0.18,0.37,"$327,668,270 ",$2.43 ,0.22,"268,650",0.62,0.38,5047349
Colorado,CO,2011,0.155,795300,1.3,SNAP,1.85,Other Nutrition Program,0.46,0.18,0.36,"$352,663,620 ",$2.72 ,0.22,266090,0.64,0.36,5121108
Colorado,CO,2012,0.146,"755,730",1.3,SNAP,1.85,Other Nutrition Program,0.48,0.16,0.36,"$375,542,000 ",$2.84 ,0.21,"262,110",0.64,0.36,5192647
Colorado,CO,2013,0.139,"733,080",1.3,SNAP,1.85,Other Nutrition Program,0.49,0.16,0.35,"$386,399,000 ",$2.98 ,0.21,"253,000",0.65,0.35,5269035
Colorado,CO,2014,0.129,"692,840",1.3,SNAP,1.85,Other Nutrition Program,0.48,0.16,0.37,"$372,418,000 ",$3.04 ,0.18,"226,350",0.64,0.36,5350101
Colorado,CO,2015,0.122,"665,220",1.3,SNAP,1.85,Other Nutrition Program,0.47,0.17,0.36,"$368,403,000 ",$3.09 ,0.17,"207,650",0.63,0.37,5450623
Colorado,CO,2016,0.113,"627,480",1.3,SNAP,1.85,Other Nutrition Program,0.47,0.15,0.38,"$342,520,000 ",$3.19 ,0.15,"190,780",0.61,0.39,5539215
Colorado,CO,2017,0.106,"596,150",2,"SNAP, Other Nutrition Programs",2,"SNAP, Other Nutrition Programs",0.65,,0.35,"$329,732,000 ",$3.24 ,0.14,"177,360",0.59,0.41,5611885
Colorado,CO,2018,0.099,"566,490",2,"SNAP, Other Nutrition Programs",2,"SNAP, Other Nutrition Programs",0.66,,0.34,"$315,489,000 ",$3.29 ,0.12,"155,120",0.7,0.3,5691287
Colorado,CO,2019,0.098,"566,440",2,"SNAP, Other Nutrition Programs",2,"SNAP, Other Nutrition Programs",0.61,,0.4,"$324,827,000 ",$3.35 ,0.12,"147,120",0.67,0.33,5758736
Connecticut,CT,2009,0.123,"428,090",1.85,SNAP,1.85,SNAP,0.48,0,0.52,"$199,287,270 ",$2.79 ,0.19,"155,560",0.5,0.5,3561807
Connecticut,CT,2010,0.138,"493,020",1.85,"SNAP, Other Nutrition Programs",1.85,"SNAP, Other Nutrition Programs",0.52,0,0.48,"$231,676,950 ",$2.73 ,0.19,"151,530",0.55,0.45,3579114
Connecticut,CT,2011,0.145,520350,1.85,"SNAP, Other Nutrition Programs",1.85,"SNAP, Other Nutrition Programs",0.54,0,0.46,"$239,224,380 ",$2.82 ,0.2,157550,0.58,0.42,3588283
Connecticut,CT,2012,0.139,"498,460",1.85,"SNAP, Other Nutrition Programs",1.85,"SNAP, Other Nutrition Programs",0.54,0,0.46,"$255,104,000 ",$2.92 ,0.2,"155,380",0.57,0.43,3594547
Connecticut,CT,2013,0.136,"488,350",1.85,"SNAP, Other Nutrition Programs",1.85,"SNAP, Other Nutrition Programs",0.55,0,0.45,"$253,481,000 ",$2.93 ,0.19,"152,990",0.59,0.41,3594841
Connecticut,CT,2014,0.131,"472,540",1.85,"SNAP, Other Nutrition Programs",1.85,"SNAP, Other Nutrition Programs",0.56,,0.44,"$254,876,000 ",$3.06 ,0.18,"140,290",0.62,0.38,3594524
Connecticut,CT,2015,0.122,"437,530",1.85,"SNAP, Other Nutrition Programs",1.85,"SNAP, Other Nutrition Programs",0.58,,0.42,"$244,830,000 ",$3.12 ,0.17,"127,400",0.6,0.4,3587122
Connecticut,CT,2016,0.116,"414,730",1.85,"SNAP, Other Nutrition Programs",1.85,"SNAP, Other Nutrition Programs",0.57,,0.43,"$226,249,000 ",$3.19 ,0.16,"117,380",0.63,0.37,3578141
Connecticut,CT,2017,0.113,"406,810",1.85,"SNAP, Other Nutrition Programs",1.85,"SNAP, Other Nutrition Programs",0.56,,0.44,"$227,321,000 ",$3.27 ,0.16,"115,240",0.63,0.37,3573297
Connecticut,CT,2018,0.119,"426,620",1.85,"SNAP, Other Nutrition Programs",1.85,"SNAP, Other Nutrition Programs",0.57,,0.43,"$244,114,000 ",$3.38 ,0.16,"117,660",0.64,0.36,3571520
Connecticut,CT,2019,0.12,"428,800",1.85,"SNAP, Other Nutrition Programs",1.85,"SNAP, Other Nutrition Programs",0.55,,0.45,"$248,587,000 ",$3.39 ,0.15,"109,480",0.64,0.36,3565287
"Washington, D.C.",DC,2009,0.158,"93,180",2,SNAP,2,SNAP,0.63,0,0.37,"$53,026,060 ",$3.41 ,0.32,"36,870",0.64,0.36,592228
"Washington, D.C.",DC,2010,0.165,"99,490",2,"SNAP, Other Nutrition Programs",2,"SNAP, Other Nutrition Programs",0.6,0,0.4,"$58,396,850 ",$3.41 ,0.31,"30,850",0.67,0.33,605226
"Washington, D.C.",DC,2011,0.157,97120,2,"SNAP, Other Nutrition Programs",2,"SNAP, Other Nutrition Programs",0.61,0,0.39,"$56,524,620 ",$3.57 ,0.3,31460,0.63,0.37,619800
"Washington, D.C.",DC,2012,0.145,"91,540",2,"SNAP, Other Nutrition Programs",2,"SNAP, Other Nutrition Programs",0.7,0,0.3,"$60,483,000 ",$3.77 ,0.28,"30,600",0.68,0.32,634924
"Washington, D.C.",DC,2013,0.15,"96,940",2,"SNAP, Other Nutrition Programs",2,"SNAP, Other Nutrition Programs",0.73,0,0.27,"$60,267,000 ",$3.51 ,0.31,"32,100",0.7,0.3,650581
"Washington, D.C.",DC,2014,0.138,"90,900",2,"SNAP, Other Nutrition Programs",2,"SNAP, Other Nutrition Programs",0.73,,0.27,"$56,025,000 ",$3.49 ,0.26,"29,820",0.68,0.32,662328
"Washington, D.C.",DC,2015,0.126,"84,540",2,"SNAP, Other Nutrition Programs",2,"SNAP, Other Nutrition Programs",0.74,,0.26,"$54,660,000 ",$3.61 ,0.24,"27,800",0.72,0.28,675400
"Washington, D.C.",DC,2016,0.124,"84,380",2,"SNAP, Other Nutrition Programs",2,"SNAP, Other Nutrition Programs",0.72,,0.28,"$52,881,000 ",$3.67 ,0.22,"26,800",0.69,0.31,685815
"Washington, D.C.",DC,2017,0.11,"76,550",2,"SNAP, Other Nutrition Programs",2,"SNAP, Other Nutrition Programs",0.72,,0.28,"$51,543,000 ",$3.95 ,0.21,"26,450",0.71,0.29,694906
"Washington, D.C.",DC,2018,0.116,"81,400",2,"SNAP, Other Nutrition Programs",2,"SNAP, Other Nutrition Programs",0.7,,0.3,"$56,189,000 ",$4.08 ,0.19,"24,280",0.74,0.26,701547
Delaware,DE,2019,0.117,"114,190",2,"SNAP, Other Nutrition Programs",2,"SNAP, Other Nutrition Programs",0.57,,0.43,"$62,002,000 ",$3.18 ,0.16,"32,830",0.64,0.36,973764
Delaware,DE,2009,0.122,"105,810",2,SNAP,2,SNAP,0.55,0,0.45,"$46,697,960 ",$2.64 ,0.2,"40,520",0.56,0.44,891730
Delaware,DE,2010,0.128,"114,940",2,"SNAP, Other Nutrition Programs",2,"SNAP, Other Nutrition Programs",0.57,0,0.43,"$52,033,440 ",$2.63 ,0.18,"37,240",0.63,0.37,899593
Delaware,DE,2011,0.132,120020,2,"SNAP, Other Nutrition Programs",2,"SNAP, Other Nutrition Programs",0.59,0,0.41,"$53,808,030 ",$2.75 ,0.18,36860,0.71,0.29,907381
Delaware,DE,2012,0.13,"119,500",2,"SNAP, Other Nutrition Programs",2,"SNAP, Other Nutrition Programs",0.65,0,0.35,"$60,381,000 ",$2.89 ,0.18,"37,430",0.74,0.26,915179
Delaware,DE,2013,0.132,"122,310",2,"SNAP, Other Nutrition Programs",2,"SNAP, Other Nutrition Programs",0.66,0,0.34,"$62,711,000 ",$2.90 ,0.19,"39,780",0.71,0.29,923576
Delaware,DE,2014,0.126,"117,970",2,"SNAP, Other Nutrition Programs",2,"SNAP, Other Nutrition Programs",0.64,,0.36,"$62,194,000 ",$2.99 ,0.18,"36,380",0.67,0.33,932487
Delaware,DE,2015,0.121,"114,060",2,"SNAP, Other Nutrition Programs",2,"SNAP, Other Nutrition Programs",0.67,,0.33,"$62,102,000 ",$3.04 ,0.17,"35,310",0.7,0.3,941252
Delaware,DE,2016,0.12,"114,370",2,"SNAP, Other Nutrition Programs",2,"SNAP, Other Nutrition Programs",0.64,,0.36,"$60,902,000 ",$3.12 ,0.17,"34,240",0.64,0.36,948921
Delaware,DE,2017,0.122,"117,320",2,"SNAP, Other Nutrition Programs",2,"SNAP, Other Nutrition Programs",0.66,,0.34,"$62,450,000 ",$3.12 ,0.17,"34,750",0.69,0.31,956823
Delaware,DE,2018,0.126,"121,850",2,"SNAP, Other Nutrition Programs",2,"SNAP, Other Nutrition Programs",0.64,,0.36,"$65,663,000 ",$3.18 ,0.19,"38,680",0.69,0.31,965479
Florida,FL,2019,0.12,"2,567,300",2,"SNAP, Other Nutrition Programs",2,"SNAP, Other Nutrition Programs",0.68,,0.32,"$1,440,472,000 ",$3.28 ,0.17,"723,540",0.65,0.35,21477737
Florida,FL,2009,0.171,"3,115,650",2,SNAP,2,SNAP,0.63,0,0.37,"$1,364,476,980 ",$2.62 ,0.28,"1,116,260",0.61,0.39,18652644
Florida,FL,2010,0.192,"3,609,200",2,"SNAP, Other Nutrition Programs",2,"SNAP, Other Nutrition Programs",0.67,0,0.33,"$1,627,675,680 ",$2.62 ,0.28,"1,117,730",0.67,0.33,18845537
Florida,FL,2011,0.187,3558910,2,"SNAP, Other Nutrition Programs",2,"SNAP, Other Nutrition Programs",0.68,0,0.32,"$1,601,352,210 ",$2.76 ,0.28,1118050,0.69,0.31,19053237
Florida,FL,2012,0.179,"3,448,220",2,"SNAP, Other Nutrition Programs",2,"SNAP, Other Nutrition Programs",0.74,0,0.27,"$1,737,045,000 ",$2.88 ,0.28,"1,103,850",0.7,0.3,19297822
Florida,FL,2013,0.17,"3,315,550",2,"SNAP, Other Nutrition Programs",2,"SNAP, Other Nutrition Programs",0.73,0,0.27,"$1,714,988,000 ",$2.92 ,0.27,"1,071,760",0.7,0.3,19545621
Florida,FL,2014,0.162,"3,227,600",2,"SNAP, Other Nutrition Programs",2,"SNAP, Other Nutrition Programs",0.75,,0.25,"$1,749,270,000 ",$3.07 ,0.25,"1,007,870",0.7,0.3,19845911
Florida,FL,2015,0.151,"3,056,280",2,"SNAP, Other Nutrition Programs",2,"SNAP, Other Nutrition Programs",0.73,,0.27,"$1,702,052,000 ",$3.11 ,0.23,"930,730",0.71,0.29,20209042
Florida,FL,2016,0.139,"2,871,650",2,"SNAP, Other Nutrition Programs",2,"SNAP, Other Nutrition Programs",0.72,,0.28,"$1,557,049,000 ",$3.17 ,0.21,"857,150",0.69,0.31,20613477
Florida,FL,2017,0.134,"2,806,770",2,"SNAP, Other Nutrition Programs",2,"SNAP, Other Nutrition Programs",0.72,,0.28,"$1,540,091,000 ",$3.22 ,0.2,"854,880",0.68,0.32,20963613
Florida,FL,2018,0.13,"2,768,480",2,"SNAP, Other Nutrition Programs",2,"SNAP, Other Nutrition Programs",0.72,,0.28,"$1,540,830,000 ",$3.29 ,0.19,"819,370",0.65,0.35,21244317
Georgia,GA,2019,0.12,"1,279,310",1.3,SNAP,1.85,Other Nutrition Program,0.46,0.15,0.39,"$664,862,000 ",$3.04 ,0.15,"377,400",0.67,0.33,10617423
Georgia,GA,2009,0.178,"1,693,710",1.3,SNAP,1.85,other nutrition pgm,0.45,0.19,0.36,"$705,092,200 ",$2.49 ,0.28,"702,520",0.61,0.39,9620846
Georgia,GA,2010,0.199,"1,936,470",1.3,SNAP,1.85,Other Nutrition Program,0.46,0.21,0.33,"$829,976,420 ",$2.49 ,0.28,"694,530",0.67,0.33,9711881
Georgia,GA,2011,0.2,1965340,1.3,SNAP,1.85,Other Nutrition Program,0.53,0.19,0.28,"$829,847,390 ",$2.59 ,0.29,707390,0.7,0.3,9802431
Georgia,GA,2012,0.189,"1,874,590",1.3,SNAP,1.85,Other Nutrition Program,0.55,0.17,0.28,"$887,782,000 ",$2.70 ,0.28,"700,780",0.71,0.29,9901430
Georgia,GA,2013,0.187,"1,871,790",1.3,SNAP,1.85,Other Nutrition Program,0.56,0.17,0.28,"$910,560,000 ",$2.75 ,0.28,"700,870",0.73,0.27,9972479
Georgia,GA,2014,0.177,"1,783,450",1.3,SNAP,1.85,Other Nutrition Program,0.54,0.16,0.3,"$895,589,000 ",$2.84 ,0.26,"650,970",0.7,0.3,10067278
Georgia,GA,2015,0.162,"1,659,710",1.3,SNAP,1.85,Other Nutrition Program,0.54,0.19,0.27,"$858,223,000 ",$2.88 ,0.23,"580,830",0.71,0.29,10178447
Georgia,GA,2016,0.151,"1,561,360",1.3,SNAP,1.85,Other Nutrition Program,0.53,0.15,0.32,"$781,043,000 ",$2.93 ,0.21,"523,470",0.69,0.31,10301890
Georgia,GA,2017,0.144,"1,501,680",1.3,SNAP,1.85,Other Nutrition Program,0.51,0.16,0.33,"$749,671,000 ",$2.93 ,0.2,"503,370",0.68,0.32,10410330
Georgia,GA,2018,0.125,"1,318,500",1.3,SNAP,1.85,Other Nutrition Program,0.48,0.16,0.36,"$667,166,000 ",$2.99 ,0.16,"405,380",0.68,0.32,10511131
Hawaii,HI,2019,0.115,"162,220",2,"SNAP, Other Nutrition Programs",2,"SNAP, Other Nutrition Programs",0.48,,0.52,"$97,005,000 ",$3.50 ,0.18,"54,700",0.47,0.53,1415872
Hawaii,HI,2009,0.127,"162,420",2,SNAP,2,SNAP,0.53,0,0.47,n/a,n/a,0.21,"60,250",0.45,0.55,1346717
Hawaii,HI,2010,0.14,"190,300",2,"SNAP, Other Nutrition Programs",2,"SNAP, Other Nutrition Programs",0.52,0,0.48,"$85,166,300 ",$2.60 ,0.22,"64,430",0.47,0.53,1363963
Hawaii,HI,2011,0.146,200100,2,"SNAP, Other Nutrition Programs",2,"SNAP, Other Nutrition Programs",0.52,0,0.48,"$87,426,410 ",$2.68 ,0.24,71020,0.52,0.48,1379329
Hawaii,HI,2012,0.142,"197,280",2,"SNAP, Other Nutrition Programs",2,"SNAP, Other Nutrition Programs",0.56,0,0.44,"$98,954,000 ",$2.86 ,0.24,"72,390",0.52,0.48,1394804
Hawaii,HI,2013,0.138,"193,940",2,"SNAP, Other Nutrition Programs",2,"SNAP, Other Nutrition Programs",0.58,0,0.42,"$102,567,000 ",$2.99 ,0.22,"68,450",0.5,0.5,1408243
Hawaii,HI,2014,0.137,"194,610",2,"SNAP, Other Nutrition Programs",2,"SNAP, Other Nutrition Programs",0.57,,0.43,"$106,454,000 ",$3.10 ,0.22,"67,690",0.47,0.53,1414538
Hawaii,HI,2015,0.128,"182,600",2,"SNAP, Other Nutrition Programs",2,"SNAP, Other Nutrition Programs",0.54,,0.46,"$105,633,000 ",$3.23 ,0.2,"62,600",0.44,0.56,1422052
Hawaii,HI,2016,0.118,"168,030",2,"SNAP, Other Nutrition Programs",2,"SNAP, Other Nutrition Programs",0.56,,0.45,"$93,916,000 ",$3.27 ,0.18,"54,650",0.46,0.54,1427559
Hawaii,HI,2017,0.113,"161,270",2,"SNAP, Other Nutrition Programs",2,"SNAP, Other Nutrition Programs",0.52,,0.48,"$90,737,000 ",$3.30 ,0.18,"53,540",0.43,0.57,1424393
Hawaii,HI,2018,0.112,"159,040",2,"SNAP, Other Nutrition Programs",2,"SNAP, Other Nutrition Programs",0.53,,0.47,"$91,220,000 ",$3.39 ,0.18,"55,710",0.49,0.51,1420593
Idaho,ID,2019,0.1,"179,580",1.3,SNAP,1.85,Other Nutrition Program,0.47,0.19,0.33,"$94,193,000 ",$3.07 ,0.11,"49,310",0.74,0.26,1787065
Iowa,IA,2009,0.128,"382,510",1.6,SNAP,1.85,other nutrition pgm,0.5,0.07,0.43,"$151,122,920 ",$2.36 ,0.21,"146,000",0.55,0.45,3032870
Iowa,IA,2010,0.134,"408,280",1.6,SNAP,1.85,Other Nutrition Program,0.49,0.1,0.42,"$165,151,150 ",$2.35 ,0.2,"138,340",0.57,0.43,3050745
Iowa,IA,2011,0.129,395620,1.6,SNAP,1.85,Other Nutrition Program,0.53,0.09,0.38,"$152,212,750 ",$2.36 ,0.19,137120,0.6,0.4,3066336
Iowa,IA,2012,0.127,"389,730",1.6,SNAP,1.85,Other Nutrition Program,0.52,0.08,0.4,"$168,364,000 ",$2.47 ,0.19,"139,200",0.56,0.44,3076190
Iowa,IA,2013,0.126,"389,250",1.6,SNAP,1.85,Other Nutrition Program,0.52,0.08,0.4,"$173,068,000 ",$2.51 ,0.19,"139,850",0.59,0.41,3092997
Iowa,IA,2014,0.124,"384,830",1.6,SNAP,1.85,Other Nutrition Program,0.53,0.05,0.42,"$177,919,000 ",$2.62 ,0.18,"129,270",0.57,0.43,3109350
Iowa,IA,2015,0.12,"376,240",1.6,SNAP,1.85,Other Nutrition Program,0.54,0.08,0.38,"$179,954,000 ",$2.67 ,0.17,"121,550",0.6,0.4,3120960
Iowa,IA,2016,0.115,"360,540",1.6,SNAP,1.85,Other Nutrition Program,0.53,0.04,0.43,"$167,753,000 ",$2.72 ,0.16,"115,890",0.57,0.43,3131371
Iowa,IA,2017,0.109,"341,890",1.6,SNAP,1.85,Other Nutrition Program,0.52,0.05,0.43,"$157,367,000 ",$2.70 ,0.15,"111,520",0.58,0.42,3141550
Iowa,IA,2018,0.097,"305,100",1.6,SNAP,1.85,Other Nutrition Program,0.53,0.05,0.42,"$144,058,000 ",$2.79 ,0.14,"102,190",0.63,0.37,3148618
Illinois,IL,2019,0.096,"1,211,410",1.65,SNAP,1.85,Other Nutrition Program,0.58,0.11,0.31,"$620,329,000 ",$3.00 ,0.12,"336,810",0.67,0.33,12671821
Idaho,ID,2009,0.158,"235,970",1.3,SNAP,1.85,other nutrition pgm,0.43,0.19,0.37,"$105,844,830 ",$2.68 ,0.23,"95,150",0.63,0.37,1554439
Idaho,ID,2010,0.17,"267,620",1.3,SNAP,1.85,Other Nutrition Program,0.45,0.21,0.34,"$123,915,740 ",$2.69 ,0.23,"96,660",0.65,0.35,1570746
Idaho,ID,2011,0.173,274230,1.3,SNAP,1.85,Other Nutrition Program,0.46,0.23,0.31,"$117,579,470 ",$2.63 ,0.23,96090,0.67,0.33,1583910
Idaho,ID,2012,0.158,"252,060",1.3,SNAP,1.85,Other Nutrition Program,0.5,0.2,0.3,"$118,756,000 ",$2.69 ,0.22,"91,730",0.68,0.32,1595324
Idaho,ID,2013,0.156,"250,830",1.3,SNAP,1.85,Other Nutrition Program,0.5,0.2,0.3,"$123,492,000 ",$2.78 ,0.21,"90,240",0.72,0.28,1611206
Idaho,ID,2014,0.147,"241,080",1.3,SNAP,1.85,Other Nutrition Program,0.49,0.19,0.32,"$121,650,000 ",$2.86 ,0.19,"83,110",0.67,0.33,1631112
Idaho,ID,2015,0.14,"232,180",1.3,SNAP,1.85,Other Nutrition Program,0.48,0.23,0.29,"$121,760,000 ",$2.92 ,0.18,"76,070",0.67,0.33,1651059
Idaho,ID,2016,0.132,"221,800",1.3,SNAP,1.85,Other Nutrition Program,0.49,0.17,0.34,"$111,122,000 ",$2.93 ,0.17,"72,840",0.68,0.32,1682380
Idaho,ID,2017,0.123,"210,420",1.3,SNAP,1.85,Other Nutrition Program,0.46,0.18,0.36,"$105,626,000 ",$2.94 ,0.16,"69,920",0.65,0.35,1717715
Idaho,ID,2018,0.108,"189,970",1.3,SNAP,1.85,Other Nutrition Program,0.49,0.19,0.32,"$97,790,000 ",$3.04 ,0.13,"56,120",0.73,0.27,1750536
Indiana,IN,2019,0.124,"834,530",1.3,SNAP,1.85,Other Nutrition Program,0.5,0.16,0.34,"$390,646,000 ",$2.74 ,0.15,"239,540",0.72,0.28,6732219
Illinois,IL,2009,0.147,"1,873,010",1.3,SNAP,1.85,other nutrition pgm,0.41,0.18,0.42,"$736,018,850 ",$2.35 ,0.23,"745,310",0.61,0.39,12796778
Illinois,IL,2010,0.15,"1,932,580",1.3,SNAP,1.85,Other Nutrition Program,0.42,0.2,0.38,"$798,370,270 ",$2.40 ,0.22,"684,960",0.66,0.34,12840503
Illinois,IL,2011,0.152,1957450,1.3,SNAP,1.85,Other Nutrition Program,0.5,0.17,0.33,"$762,692,290 ",$2.39 ,0.23,692100,0.68,0.32,12867454
Illinois,IL,2012,0.142,"1,833,810",1.3,SNAP,1.85,Other Nutrition Program,0.52,0.16,0.33,"$791,626,000 ",$2.46 ,0.22,"661,950",0.67,0.33,12882510
Illinois,IL,2013,0.136,"1,755,180",1.3,SNAP,1.85,Other Nutrition Program,0.52,0.15,0.32,"$787,542,000 ",$2.54 ,0.21,"643,040",0.69,0.31,12895129
Illinois,IL,2014,0.129,"1,658,280",1.65,SNAP,1.85,Other Nutrition Program,0.64,0.03,0.33,"$771,485,000 ",$2.64 ,0.2,"583,000",0.67,0.33,12884493
Illinois,IL,2015,0.117,"1,506,060",1.65,SNAP,1.85,Other Nutrition Program,0.64,0.06,0.31,"$735,098,000 ",$2.72 ,0.17,"513,270",0.68,0.32,12858913
Illinois,IL,2016,0.11,"1,413,420",1.65,SNAP,1.85,Other Nutrition Program,0.65,0.06,0.3,"$669,207,000 ",$2.77 ,0.16,"459,330",0.68,0.32,12820527
Illinois,IL,2017,0.109,"1,395,970",1.65,SNAP,1.85,Other Nutrition Program,0.63,0.03,0.35,"$668,124,000 ",$2.80 ,0.16,"453,260",0.66,0.34,12778828
Illinois,IL,2018,0.101,"1,283,550",1.65,SNAP,1.85,Other Nutrition Program,0.61,0.12,0.27,"$630,473,000 ",$2.90 ,0.13,"363,900",0.7,0.3,12723071
Iowa,IA,2019,0.094,"297,800",1.6,SNAP,1.85,Other Nutrition Program,0.53,0.04,0.43,"$146,743,000 ",$2.88 ,0.13,"94,270",0.65,0.35,3155070
Indiana,IN,2009,0.162,"1,027,600",1.3,SNAP,1.85,other nutrition pgm,0.45,0.15,0.4,"$389,851,730 ",$2.27 ,0.25,"388,640",0.62,0.38,6459325
Indiana,IN,2010,0.162,"1,050,030",1.3,SNAP,1.85,Other Nutrition Program,0.48,0.2,0.33,"$435,586,470 ",$2.41 ,0.23,"358,120",0.7,0.3,6490432
Indiana,IN,2011,0.163,1063990,1.3,SNAP,1.85,Other Nutrition Program,0.52,0.17,0.31,"$404,160,850 ",$2.33 ,0.23,355780,0.69,0.31,6516528
Indiana,IN,2012,0.157,"1,023,650",1.3,SNAP,1.85,Other Nutrition Program,0.54,0.15,0.31,"$435,300,000 ",$2.43 ,0.22,"345,730",0.71,0.29,6537703
Indiana,IN,2013,0.154,"1,012,970",1.3,SNAP,1.85,Other Nutrition Program,0.56,0.15,0.29,"$440,889,000 ",$2.46 ,0.22,"348,570",0.73,0.27,6568713
Indiana,IN,2014,0.153,"1,009,710",1.3,SNAP,1.85,Other Nutrition Program,0.54,0.14,0.32,"$456,939,000 ",$2.56 ,0.21,"335,410",0.7,0.3,6593644
Indiana,IN,2015,0.144,"950,720",1.3,SNAP,1.85,Other Nutrition Program,0.54,0.17,0.29,"$445,335,000 ",$2.61 ,0.19,"301,990",0.72,0.28,6608422
Indiana,IN,2016,0.137,"910,870",1.3,SNAP,1.85,Other Nutrition Program,0.54,0.15,0.31,"$408,203,000 ",$2.62 ,0.18,"279,840",0.71,0.29,6634304
Indiana,IN,2017,0.133,"887,070",1.3,SNAP,1.85,Other Nutrition Program,0.52,0.14,0.34,"$396,443,000 ",$2.62 ,0.17,"273,380",0.67,0.33,6658078
Indiana,IN,2018,0.132,"883,260",1.3,SNAP,1.85,Other Nutrition Program,0.52,0.16,0.32,"$400,962,000 ",$2.68 ,0.18,"274,080",0.72,0.28,6695497
Kansas,KS,2019,0.121,"351,090",1.3,SNAP,1.85,Other Nutrition Program,0.41,0.14,0.45,"$177,384,000 ",$2.96 ,0.17,"120,090",0.6,0.4,2913314
Kansas,KS,2009,0.143,"395,870",1.3,SNAP,1.85,other nutrition pgm,0.44,0.16,0.4,"$164,968,840 ",$2.49 ,0.23,"158,040",0.6,0.4,2832704
Kansas,KS,2010,0.15,"428,490",1.3,SNAP,1.85,Other Nutrition Program,0.46,0.17,0.37,"$185,864,680 ",$2.52 ,0.23,"162,030",0.64,0.36,2858190
Kansas,KS,2011,0.151,433260,1.3,SNAP,1.85,Other Nutrition Program,0.47,0.18,0.35,"$177,289,530 ",$2.51 ,0.23,160770,0.67,0.33,2869225
Kansas,KS,2012,0.148,"426,850",1.3,SNAP,1.85,Other Nutrition Program,0.5,0.15,0.35,"$195,411,000 ",$2.61 ,0.23,"162,400",0.68,0.32,2885257
Kansas,KS,2013,0.145,"419,330",1.3,SNAP,1.85,Other Nutrition Program,0.49,0.16,0.35,"$198,903,000 ",$2.68 ,0.22,"161,740",0.67,0.33,2893212
Kansas,KS,2014,0.142,"413,560",1.3,SNAP,1.85,Other Nutrition Program,0.48,0.15,0.37,"$202,219,000 ",$2.77 ,0.21,"153,940",0.66,0.34,2900475
Kansas,KS,2015,0.132,"385,000",1.3,SNAP,1.85,Other Nutrition Program,0.48,0.17,0.35,"$195,772,000 ",$2.84 ,0.19,"138,480",0.65,0.35,2909011
Kansas,KS,2016,0.129,"375,360",1.3,SNAP,1.85,Other Nutrition Program,0.47,0.16,0.37,"$185,071,000 ",$2.89 ,0.18,"131,130",0.66,0.34,2910844
Kansas,KS,2017,0.127,"370,860",1.3,SNAP,1.85,Other Nutrition Program,0.45,0.15,0.4,"$181,199,000 ",$2.86 ,0.18,"130,210",0.63,0.37,2908718
Kansas,KS,2018,0.127,"368,770",1.3,SNAP,1.85,Other Nutrition Program,0.43,0.17,0.4,"$181,639,000 ",$2.91 ,0.18,"129,780",0.63,0.37,2911359
Kentucky,KY,2019,0.144,"644,540",2,"SNAP, Other Nutrition Programs",2,"SNAP, Other Nutrition Programs",0.69,,0.31,"$302,792,000 ",$2.75 ,0.18,"179,030",0.68,0.32,4467673
Kentucky,KY,2009,0.168,"716,040",1.3,SNAP,1.85,other nutrition pgm,0.55,0.16,0.3,"$285,629,450 ",$2.39 ,0.24,"243,920",0.73,0.27,4317074
Kentucky,KY,2010,0.173,"750,420",1.3,SNAP,1.85,Other Nutrition Program,0.53,0.18,0.29,"$313,881,930 ",$2.43 ,0.23,"226,790",0.74,0.26,4348181
Kentucky,KY,2011,0.172,749490,1.3,SNAP,1.85,Other Nutrition Program,0.56,0.17,0.28,"$294,471,770 ",$2.41 ,0.22,224800,0.75,0.25,4369821
Kentucky,KY,2012,0.167,"730,480",1.3,SNAP,1.85,Other Nutrition Program,0.58,0.14,0.28,"$321,101,000 ",$2.51 ,0.22,"220,170",0.74,0.26,4386346
Kentucky,KY,2013,0.164,"722,330",1.3,SNAP,1.85,Other Nutrition Program,0.58,0.13,0.29,"$324,612,000 ",$2.54 ,0.22,"221,780",0.75,0.25,4404659
Kentucky,KY,2014,0.168,"743,310",1.3,SNAP,1.85,Other Nutrition Program,0.57,0.13,0.3,"$346,164,000 ",$2.64 ,0.22,"222,380",0.75,0.25,4414349
Kentucky,KY,2015,0.158,"699,590",1.3,SNAP,1.85,Other Nutrition Program,0.58,0.15,0.27,"$334,999,000 ",$2.67 ,0.2,"202,050",0.74,0.26,4425976
Kentucky,KY,2016,0.155,"685,830",1.3,SNAP,1.85,Other Nutrition Program,0.59,0.11,0.3,"$316,518,000 ",$2.70 ,0.19,"194,440",0.74,0.26,4438182
Kentucky,KY,2017,0.149,"662,360",1.3,SNAP,1.85,Other Nutrition Program,0.56,0.11,0.33,"$300,483,000 ",$2.66 ,0.18,"186,660",0.7,0.3,4452268
Kentucky,KY,2018,0.148,"662,660",1.3,SNAP,1.85,Other Nutrition Program,0.54,0.13,0.33,"$300,629,000 ",$2.68 ,0.19,"190,600",0.7,0.3,4461153
Louisiana,LA,2019,0.155,"718,360",1.3,SNAP,1.85,Other Nutrition Program,0.56,0.08,0.37,"$364,715,000 ",$2.97 ,0.23,"249,670",0.67,0.33,4648794
Louisiana,LA,2009,0.146,"644,540",1.3,SNAP,1.85,other nutrition pgm,0.49,0.19,0.32,"$265,587,090 ",$2.47 ,0.22,"246,720",0.69,0.31,4491648
Louisiana,LA,2010,0.167,"759,740",1.3,SNAP,1.85,Other Nutrition Program,0.46,0.2,0.34,"$309,933,820 ",$2.37 ,0.23,"253,750",0.69,0.31,4544532
Louisiana,LA,2011,0.171,784450,1.3,SNAP,1.85,Other Nutrition Program,0.56,0.16,0.27,"$332,505,930 ",$2.60 ,0.24,259520,0.7,0.3,4575625
Louisiana,LA,2012,0.169,"778,200",1.3,SNAP,1.85,Other Nutrition Program,0.58,0.15,0.28,"$371,618,000 ",$2.73 ,0.23,"261,960",0.72,0.28,4600972
Louisiana,LA,2013,0.168,"777,650",1.3,SNAP,1.85,Other Nutrition Program,0.58,0.13,0.28,"$376,268,000 ",$2.73 ,0.24,"271,500",0.72,0.28,4624527
Louisiana,LA,2014,0.173,"804,500",1.3,SNAP,1.85,Other Nutrition Program,0.57,0.13,0.31,"$399,842,000 ",$2.82 ,0.25,"272,760",0.7,0.3,4644013
Louisiana,LA,2015,0.169,"789,330",1.3,SNAP,1.85,Other Nutrition Program,0.58,0.15,0.27,"$397,791,000 ",$2.81 ,0.23,"261,230",0.72,0.28,4664628
Louisiana,LA,2016,0.167,"783,400",1.3,SNAP,1.85,Other Nutrition Program,0.59,0.11,0.3,"$387,408,000 ",$2.89 ,0.23,"258,630",0.69,0.31,4678135
Louisiana,LA,2017,0.165,"773,850",1.3,SNAP,1.85,Other Nutrition Program,0.59,0.12,0.29,"$396,905,000 ",$3.01 ,0.23,"255,640",0.71,0.29,4670560
Louisiana,LA,2018,0.161,"751,920",1.3,SNAP,1.85,Other Nutrition Program,0.58,0.11,0.31,"$387,680,000 ",$3.05 ,0.25,"269,650",0.73,0.27,4659690
Maine,ME,2019,0.124,"166,910",1.85,"SNAP, Other Nutrition Programs",1.85,"SNAP, Other Nutrition Programs",0.57,,0.43,"$105,832,000 ",$3.71 ,0.18,"44,520",0.6,0.4,1344212
Massachusetts,MA,2009,0.112,"727,530",2,SNAP,2,SNAP,0.55,0,0.45,"$346,402,980 ",$2.85 ,0.18,"262,650",0.53,0.47,6517613
Massachusetts,MA,2010,0.123,"806,480",2,"SNAP, Other Nutrition Programs",2,"SNAP, Other Nutrition Programs",0.57,0,0.43,"$390,081,680 ",$2.81 ,0.17,"235,480",0.6,0.4,6566307
Massachusetts,MA,2011,0.123,809920,2,"SNAP, Other Nutrition Programs",2,"SNAP, Other Nutrition Programs",0.56,0,0.44,"$388,195,260 ",$2.94 ,0.17,229170,0.61,0.39,6613583
Massachusetts,MA,2012,0.119,"789,800",2,"SNAP, Other Nutrition Programs",2,"SNAP, Other Nutrition Programs",0.63,0,0.37,"$420,701,000 ",$3.04 ,0.17,"232,270",0.62,0.38,6663005
Massachusetts,MA,2013,0.115,"767,550",2,"SNAP, Other Nutrition Programs",2,"SNAP, Other Nutrition Programs",0.64,0,0.36,"$414,876,000 ",$3.05 ,0.17,"232,150",0.64,0.36,6713315
Massachusetts,MA,2014,0.111,"745,470",2,"SNAP, Other Nutrition Programs",2,"SNAP, Other Nutrition Programs",0.67,,0.33,"$417,299,000 ",$3.17 ,0.15,"210,050",0.63,0.37,6762596
Massachusetts,MA,2015,0.103,"701,630",2,"SNAP, Other Nutrition Programs",2,"SNAP, Other Nutrition Programs",0.67,,0.33,"$408,919,000 ",$3.25 ,0.14,"187,290",0.68,0.32,6794228
Massachusetts,MA,2016,0.096,"652,760",2,"SNAP, Other Nutrition Programs",2,"SNAP, Other Nutrition Programs",0.65,,0.35,"$376,759,000 ",$3.38 ,0.12,"167,450",0.65,0.35,6823608
Massachusetts,MA,2017,0.09,"616,090",2,"SNAP, Other Nutrition Programs",2,"SNAP, Other Nutrition Programs",0.67,,0.33,"$373,245,000 ",$3.55 ,0.12,"159,950",0.65,0.35,6859789
Massachusetts,MA,2018,0.089,"617,380",2,"SNAP, Other Nutrition Programs",2,"SNAP, Other Nutrition Programs",0.68,,0.32,"$379,733,000 ",$3.63 ,0.1,"138,760",0.73,0.27,6882635
Maryland,MD,2019,0.106,"640,180",2,"SNAP, Other Nutrition Programs",2,"SNAP, Other Nutrition Programs",0.58,,0.42,"$354,460,000 ",$3.24 ,0.15,"195,960",0.6,0.4,6045680
Maryland,MD,2009,0.116,"651,370",2,SNAP,2,SNAP,0.53,0,0.47,"$293,279,010 ",$2.69 ,0.18,"242,910",0.5,0.5,5730388
Maryland,MD,2010,0.128,"740,240",2,"SNAP, Other Nutrition Programs",2,"SNAP, Other Nutrition Programs",0.54,0,0.47,"$338,929,850 ",$2.66 ,0.18,"236,560",0.57,0.43,5788645
Maryland,MD,2011,0.134,781200,2,"SNAP, Other Nutrition Programs",2,"SNAP, Other Nutrition Programs",0.54,0,0.47,"$350,231,900 ",$2.75 ,0.19,251730,0.57,0.43,5839419
Maryland,MD,2012,0.131,"773,200",2,"SNAP, Other Nutrition Programs",2,"SNAP, Other Nutrition Programs",0.59,0,0.41,"$388,236,000 ",$2.87 ,0.19,"259,330",0.57,0.43,5886992
Maryland,MD,2013,0.128,"757,430",2,"SNAP, Other Nutrition Programs",2,"SNAP, Other Nutrition Programs",0.59,0,0.41,"$391,669,000 ",$2.92 ,0.19,"258,110",0.58,0.42,5923188
Maryland,MD,2014,0.127,"760,300",2,"SNAP, Other Nutrition Programs",2,"SNAP, Other Nutrition Programs",0.61,,0.39,"$395,238,000 ",$2.94 ,0.18,"247,560",0.59,0.41,5957283
Maryland,MD,2015,0.114,"682,280",2,"SNAP, Other Nutrition Programs",2,"SNAP, Other Nutrition Programs",0.62,,0.38,"$370,097,000 ",$3.03 ,0.16,"220,010",0.59,0.41,5985562
Maryland,MD,2016,0.111,"665,420",2,"SNAP, Other Nutrition Programs",2,"SNAP, Other Nutrition Programs",0.61,,0.39,"$352,619,000 ",$3.10 ,0.15,"205,890",0.58,0.42,6003323
Maryland,MD,2017,0.107,"650,200",2,"SNAP, Other Nutrition Programs",2,"SNAP, Other Nutrition Programs",0.63,,0.37,"$347,927,000 ",$3.14 ,0.15,"204,660",0.61,0.39,6023868
Maryland,MD,2018,0.11,"667,110",2,"SNAP, Other Nutrition Programs",2,"SNAP, Other Nutrition Programs",0.62,,0.38,"$361,501,000 ",$3.20 ,0.16,"216,070",0.6,0.4,6035802
Massachusetts,MA,2019,0.082,"566,930",2,"SNAP, Other Nutrition Programs",2,"SNAP, Other Nutrition Programs",0.64,,0.36,"$357,197,000 ",$3.69 ,0.09,"120,250",0.74,0.26,6892503
Maine,ME,2009,0.151,"198,790",1.85,SNAP,1.85,SNAP,0.57,0,0.43,"$91,361,000 ",$2.75 ,0.25,"68,950",0.61,0.39,1329590
Maine,ME,2010,0.149,"198,260",1.85,"SNAP, Other Nutrition Programs",1.85,"SNAP, Other Nutrition Programs",0.61,0,0.4,"$93,165,130 ",$2.73 ,0.23,"61,020",0.65,0.35,1327629
Maine,ME,2011,0.157,208620,1.85,"SNAP, Other Nutrition Programs",1.85,"SNAP, Other Nutrition Programs",0.65,0,0.35,"$101,352,150 ",$2.98 ,0.24,62810,0.69,0.31,1328284
Maine,ME,2012,0.155,"206,000",1.85,"SNAP, Other Nutrition Programs",1.85,"SNAP, Other Nutrition Programs",0.64,0,0.36,"$111,393,000 ",$3.09 ,0.24,"64,200",0.69,0.31,1327729
Maine,ME,2013,0.155,"206,090",1.85,"SNAP, Other Nutrition Programs",1.85,"SNAP, Other Nutrition Programs",0.65,0,0.35,"$113,989,000 ",$3.12 ,0.23,"61,080",0.69,0.31,1328009
Maine,ME,2014,0.153,"202,910",1.85,"SNAP, Other Nutrition Programs",1.85,"SNAP, Other Nutrition Programs",0.61,,0.39,"$117,204,000 ",$3.27 ,0.23,"60,010",0.64,0.36,1330513
Maine,ME,2015,0.148,"196,210",1.85,"SNAP, Other Nutrition Programs",1.85,"SNAP, Other Nutrition Programs",0.63,,0.37,"$116,402,000 ",$3.31 ,0.21,"54,830",0.64,0.36,1328262
Maine,ME,2016,0.138,"183,310",1.85,"SNAP, Other Nutrition Programs",1.85,"SNAP, Other Nutrition Programs",0.6,,0.4,"$108,086,000 ",$3.45 ,0.2,"50,520",0.64,0.36,1331317
Maine,ME,2017,0.129,"172,650",1.85,"SNAP, Other Nutrition Programs",1.85,"SNAP, Other Nutrition Programs",0.57,,0.43,"$103,223,000 ",$3.50 ,0.19,"47,020",0.56,0.44,1334612
Maine,ME,2018,0.129,"173,080",1.85,"SNAP, Other Nutrition Programs",1.85,"SNAP, Other Nutrition Programs",0.61,,0.39,"$105,835,000 ",$3.61 ,0.19,"47,460",0.63,0.37,1339057
Michigan,MI,2019,0.13,"1,299,020",2,"SNAP, Other Nutrition Programs",2,"SNAP, Other Nutrition Programs",0.65,,0.35,"$650,777,000 ",$2.93 ,0.14,"305,190",0.69,0.31,9986857
Michigan,MI,2009,0.182,"1,828,060",2,SNAP,2,SNAP,0.62,0,0.38,"$702,840,040 ",$2.30 ,0.25,"618,910",0.61,0.39,9901591
Michigan,MI,2010,0.19,"1,872,780",2,"SNAP, Other Nutrition Programs",2,"SNAP, Other Nutrition Programs",0.67,0,0.33,"$783,337,050 ",$2.43 ,0.25,"568,890",0.69,0.31,9877510
Michigan,MI,2011,0.179,1769790,2,"SNAP, Other Nutrition Programs",2,"SNAP, Other Nutrition Programs",0.69,0,0.31,"$701,114,240 ",$2.43 ,0.24,533470,0.69,0.31,9882412
Michigan,MI,2012,0.168,"1,660,050",2,"SNAP, Other Nutrition Programs",2,"SNAP, Other Nutrition Programs",0.74,0,0.27,"$737,072,000 ",$2.54 ,0.22,"505,730",0.68,0.32,9897145
Michigan,MI,2013,0.164,"1,623,410",2,"SNAP, Other Nutrition Programs",2,"SNAP, Other Nutrition Programs",0.74,0,0.26,"$737,256,000 ",$2.57 ,0.21,"480,490",0.7,0.3,9913065
Michigan,MI,2014,0.157,"1,559,020",2,"SNAP, Other Nutrition Programs",2,"SNAP, Other Nutrition Programs",0.75,,0.25,"$744,203,000 ",$2.70 ,0.2,"437,100",0.68,0.32,9929848
Michigan,MI,2015,0.151,"1,493,790",2,"SNAP, Other Nutrition Programs",2,"SNAP, Other Nutrition Programs",0.74,,0.26,"$739,172,000 ",$2.76 ,0.18,"397,070",0.7,0.3,9931715
Michigan,MI,2016,0.142,"1,414,700",2,"SNAP, Other Nutrition Programs",2,"SNAP, Other Nutrition Programs",0.73,,0.27,"$678,813,000 ",$2.81 ,0.16,"356,930",0.69,0.31,9950571
Michigan,MI,2017,0.137,"1,369,250",2,"SNAP, Other Nutrition Programs",2,"SNAP, Other Nutrition Programs",0.72,,0.28,"$652,838,000 ",$2.79 ,0.16,"345,130",0.68,0.32,9973114
Michigan,MI,2018,0.136,"1,359,650",2,"SNAP, Other Nutrition Programs",2,"SNAP, Other Nutrition Programs",0.69,,0.31,"$653,547,000 ",$2.84 ,0.15,"318,960",0.7,0.3,9984072
Minnesota,MN,2019,0.077,"432,170",1.65,SNAP,1.85,Other Nutrition Program,0.59,0.09,0.32,"$233,398,000 ",$3.16 ,0.11,"147,340",0.7,0.3,5639632
Minnesota,MN,2009,0.112,"583,710",1.65,SNAP,1.85,other nutrition pgm,0.48,0.06,0.46,"$243,246,430 ",$2.49 ,0.18,"231,100",0.57,0.43,5281203
Minnesota,MN,2010,0.115,"608,770",1.65,SNAP,1.85,Other Nutrition Program,0.52,0.07,0.41,"$246,250,280 ",$2.35 ,0.17,"212,050",0.65,0.35,5310828
Minnesota,MN,2011,0.114,607920,1.65,SNAP,1.85,Other Nutrition Program,0.57,0.07,0.36,"$253,715,600 ",$2.56 ,0.17,209830,0.65,0.35,5346143
Minnesota,MN,2012,0.107,"578,070",1.65,SNAP,1.85,Other Nutrition Program,0.59,0.05,0.36,"$274,262,000 ",$2.71 ,0.16,"205,910",0.65,0.35,5376643
Minnesota,MN,2013,0.106,"572,760",1.65,SNAP,1.85,Other Nutrition Program,0.59,0.06,0.35,"$277,568,000 ",$2.74 ,0.16,"205,050",0.67,0.33,5413479
Minnesota,MN,2014,0.104,"568,770",1.65,SNAP,1.85,Other Nutrition Program,0.59,0.03,0.38,"$288,846,000 ",$2.88 ,0.15,"195,660",0.65,0.35,5451079
Minnesota,MN,2015,0.099,"540,820",1.65,SNAP,1.85,Other Nutrition Program,0.6,0.06,0.34,"$282,661,000 ",$2.91 ,0.14,"177,080",0.7,0.3,5482032
Minnesota,MN,2016,0.092,"508,630",1.65,SNAP,1.85,Other Nutrition Program,0.61,0.02,0.37,"$258,531,000 ",$2.97 ,0.13,"163,070",0.7,0.3,5522744
Minnesota,MN,2017,0.091,"504,760",1.65,SNAP,1.85,Other Nutrition Program,0.57,0.03,0.4,"$258,233,000 ",$3.00 ,0.13,"163,310",0.67,0.33,5566230
Minnesota,MN,2018,0.082,"461,200",1.65,SNAP,1.85,Other Nutrition Program,0.59,0.09,0.31,"$240,696,000 ",$3.08 ,0.12,"161,880",0.74,0.26,5606249
Mississippi,MS,2019,0.185,"550,370",1.3,SNAP,1.85,Other Nutrition Program,0.54,0.11,0.35,"$273,100,000 ",$2.90 ,0.22,"155,560",0.71,0.29,2976149
Missouri,MO,2009,0.168,"990,770",1.3,SNAP,1.85,other nutrition pgm,0.44,0.19,0.37,"$396,901,460 ",$2.40 ,0.25,"354,520",0.64,0.36,5961088
Missouri,MO,2010,0.171,"1,026,180",1.3,SNAP,1.85,Other Nutrition Program,0.45,0.21,0.34,"$427,459,080 ",$2.42 ,0.23,"316,450",0.7,0.3,5995974
Missouri,MO,2011,0.171,1029030,1.3,SNAP,1.85,Other Nutrition Program,0.49,0.2,0.3,"$411,012,370 ",$2.45 ,0.23,312440,0.68,0.32,6010275
Missouri,MO,2012,0.171,"1,031,030",1.3,SNAP,1.85,Other Nutrition Program,0.52,0.18,0.31,"$457,126,000 ",$2.53 ,0.22,"308,110",0.68,0.32,6024367
Missouri,MO,2013,0.17,"1,030,030",1.3,SNAP,1.85,Other Nutrition Program,0.52,0.18,0.31,"$474,080,000 ",$2.60 ,0.22,"304,810",0.69,0.31,6040715
Missouri,MO,2014,0.168,"1,019,350",1.3,SNAP,1.85,Other Nutrition Program,0.5,0.17,0.34,"$480,486,000 ",$2.67 ,0.21,"289,210",0.66,0.34,6056202
Missouri,MO,2015,0.156,"947,900",1.3,SNAP,1.85,Other Nutrition Program,0.5,0.19,0.31,"$464,284,000 ",$2.73 ,0.19,"258,610",0.66,0.34,6071732
Missouri,MO,2016,0.147,"896,570",1.3,SNAP,1.85,Other Nutrition Program,0.5,0.16,0.34,"$429,074,000 ",$2.80 ,0.17,"241,830",0.66,0.34,6087135
Missouri,MO,2017,0.142,"865,400",1.3,SNAP,1.85,Other Nutrition Program,0.49,0.15,0.36,"$409,933,000 ",$2.78 ,0.18,"243,110",0.65,0.35,6106670
Missouri,MO,2018,0.133,"813,840",1.3,SNAP,1.85,Other Nutrition Program,0.48,0.13,0.4,"$395,122,000 ",$2.87 ,0.15,"209,870",0.67,0.33,6121623
Missouri,MO,2019,0.132,"809,680",1.3,SNAP,1.85,Other Nutrition Program,0.46,0.17,0.37,"$409,972,000 ",$2.96 ,0.15,"202,900",0.63,0.37,6137428
Mississippi,MS,2009,0.199,"582,540",1.3,SNAP,1.85,other nutrition pgm,0.53,0.19,0.27,"$254,130,460 ",$2.61 ,0.28,"211,340",0.72,0.28,2958774
Mississippi,MS,2010,0.218,"647,050",1.3,SNAP,1.85,Other Nutrition Program,0.49,0.21,0.3,"$282,896,250 ",$2.54 ,0.28,"210,350",0.74,0.26,2970548
Mississippi,MS,2011,0.214,638460,1.3,SNAP,1.85,Other Nutrition Program,0.57,0.19,0.23,"$275,829,270 ",$2.65 ,0.27,202980,0.76,0.24,2978731
Mississippi,MS,2012,0.223,"665,790",1.3,SNAP,1.85,Other Nutrition Program,0.59,0.16,0.25,"$324,903,000 ",$2.79 ,0.29,"214,720",0.75,0.25,2983816
Mississippi,MS,2013,0.227,"679,750",1.3,SNAP,1.85,Other Nutrition Program,0.6,0.15,0.25,"$335,570,000 ",$2.79 ,0.29,"217,220",0.75,0.25,2988711
Mississippi,MS,2014,0.223,"667,040",1.3,SNAP,1.85,Other Nutrition Program,0.55,0.15,0.3,"$338,917,000 ",$2.88 ,0.27,"200,600",0.73,0.27,2990468
Mississippi,MS,2015,0.215,"643,390",1.3,SNAP,1.85,Other Nutrition Program,0.58,0.17,0.25,"$332,456,000 ",$2.88 ,0.26,"191,750",0.75,0.25,2988471
Mississippi,MS,2016,0.201,"600,840",1.3,SNAP,1.85,Other Nutrition Program,0.56,0.14,0.3,"$304,654,000 ",$2.97 ,0.24,"176,580",0.71,0.29,2987938
Mississippi,MS,2017,0.192,"573,610",1.3,SNAP,1.85,Other Nutrition Program,0.54,0.14,0.32,"$286,997,000 ",$2.93 ,0.23,"163,530",0.71,0.29,2988510
Mississippi,MS,2018,0.187,"559,350",1.3,SNAP,1.85,Other Nutrition Program,0.53,0.12,0.35,"$274,731,000 ",$2.90 ,0.23,"162,150",0.73,0.27,2981020
Montana,MT,2019,0.104,"111,080",2,"SNAP, Other Nutrition Programs",2,"SNAP, Other Nutrition Programs",0.61,,0.39,"$56,049,000 ",$2.95 ,0.16,"35,500",0.61,0.39,1068778
Montana,MT,2009,0.138,"132,180",1.85,SNAP,1.85,SNAP,0.65,0,0.35,"$55,924,070 ",$2.53 ,0.22,"48,000",0.61,0.39,983982
Montana,MT,2010,0.145,"144,140",2,"SNAP, Other Nutrition Programs",2,"SNAP, Other Nutrition Programs",0.65,0,0.35,"$61,282,590 ",$2.47 ,0.21,"45,700",0.61,0.39,990697
Montana,MT,2011,0.149,149020,2,"SNAP, Other Nutrition Programs",2,"SNAP, Other Nutrition Programs",0.63,0,0.37,"$61,950,600 ",$2.55 ,0.22,47720,0.64,0.36,997316
Montana,MT,2012,0.146,"146,580",2,"SNAP, Other Nutrition Programs",2,"SNAP, Other Nutrition Programs",0.68,0,0.32,"$68,331,000 ",$2.66 ,0.22,"48,500",0.64,0.36,1003783
Montana,MT,2013,0.142,"144,440",2,"SNAP, Other Nutrition Programs",2,"SNAP, Other Nutrition Programs",0.67,0,0.33,"$69,699,000 ",$2.73 ,0.22,"49,300",0.64,0.36,1013569
Montana,MT,2014,0.136,"139,140",2,"SNAP, Other Nutrition Programs",2,"SNAP, Other Nutrition Programs",0.7,,0.3,"$69,518,000 ",$2.83 ,0.2,"45,110",0.63,0.37,1021869
Montana,MT,2015,0.13,"133,810",2,"SNAP, Other Nutrition Programs",2,"SNAP, Other Nutrition Programs",0.67,,0.33,"$68,716,000 ",$2.86 ,0.19,"42,480",0.6,0.4,1030475
Montana,MT,2016,0.123,"128,740",2,"SNAP, Other Nutrition Programs",2,"SNAP, Other Nutrition Programs",0.68,,0.32,"$64,053,000 ",$2.91 ,0.17,"38,810",0.63,0.37,1040859
Montana,MT,2017,0.111,"116,120",2,"SNAP, Other Nutrition Programs",2,"SNAP, Other Nutrition Programs",0.66,,0.34,"$58,669,000 ",$2.96 ,0.16,"36,910",0.57,0.43,1052482
Montana,MT,2018,0.103,"109,150",2,"SNAP, Other Nutrition Programs",2,"SNAP, Other Nutrition Programs",0.69,,0.32,"$55,846,000 ",$3.02 ,0.16,"36,560",0.68,0.32,1060665
Nebraska,NE,2019,0.117,"225,580",1.3,SNAP,1.85,Other Nutrition Program,0.43,0.14,0.44,"$111,822,000 ",$2.90 ,0.15,"71,560",0.65,0.35,1934408
North Carolina,NC,2009,0.182,"1,649,070",2,SNAP,2,SNAP,0.65,0,0.35,"$687,208,350 ",$2.49 ,0.27,"603,250",0.62,0.38,9449566
North Carolina,NC,2010,0.196,"1,870,290",2,"SNAP, Other Nutrition Programs",2,"SNAP, Other Nutrition Programs",0.67,0,0.33,"$808,050,140 ",$2.51 ,0.28,"621,650",0.66,0.34,9574323
North Carolina,NC,2011,0.193,1863330,2,"SNAP, Other Nutrition Programs",2,"SNAP, Other Nutrition Programs",0.67,0,0.33,"$786,774,580 ",$2.59 ,0.27,618200,0.71,0.29,9657592
North Carolina,NC,2012,0.186,"1,813,870",2,"SNAP, Other Nutrition Programs",2,"SNAP, Other Nutrition Programs",0.73,0,0.27,"$854,416,000 ",$2.69 ,0.27,"608,850",0.72,0.28,9749476
North Carolina,NC,2013,0.183,"1,801,940",2,"SNAP, Other Nutrition Programs",2,"SNAP, Other Nutrition Programs",0.73,0,0.27,"$870,957,000 ",$2.73 ,0.26,"595,240",0.73,0.27,9843336
North Carolina,NC,2014,0.177,"1,764,800",2,"SNAP, Other Nutrition Programs",2,"SNAP, Other Nutrition Programs",0.74,,0.26,"$875,736,000 ",$2.81 ,0.25,"564,240",0.72,0.28,9932887
North Carolina,NC,2015,0.165,"1,659,050",2,"SNAP, Other Nutrition Programs",2,"SNAP, Other Nutrition Programs",0.75,,0.25,"$844,234,000 ",$2.84 ,0.23,"516,120",0.73,0.27,10031646
North Carolina,NC,2016,0.154,"1,565,910",2,"SNAP, Other Nutrition Programs",2,"SNAP, Other Nutrition Programs",0.72,,0.28,"$770,900,000 ",$2.88 ,0.21,"479,220",0.71,0.29,10154788
North Carolina,NC,2017,0.146,"1,503,050",2,"SNAP, Other Nutrition Programs",2,"SNAP, Other Nutrition Programs",0.7,,0.3,"$735,321,000 ",$2.87 ,0.2,"461,630",0.67,0.33,10268233
North Carolina,NC,2018,0.14,"1,456,200",2,"SNAP, Other Nutrition Programs",2,"SNAP, Other Nutrition Programs",0.72,,0.28,"$719,879,000 ",$2.92 ,0.19,"443,040",0.75,0.25,10381615
Nevada,NV,2019,0.121,"373,370",2,"SNAP, Other Nutrition Programs",2,"SNAP, Other Nutrition Programs",0.67,,0.33,"$198,678,000 ",$3.11 ,0.18,"122,450",0.6,0.4,3080156
North Dakota,ND,2009,0.078,"50,200",2,SNAP,2,SNAP,0.66,0,0.34,"$20,962,190 ",$2.50 ,0.13,"18,270",0.56,0.44,664968
North Dakota,ND,2010,0.077,"51,850",2,"SNAP, Other Nutrition Programs",2,"SNAP, Other Nutrition Programs",0.63,0,0.38,"$21,152,060 ",$2.37 ,0.11,"15,780",0.56,0.44,674715
North Dakota,ND,2011,0.074,50400,2,"SNAP, Other Nutrition Programs",2,"SNAP, Other Nutrition Programs",0.61,0,0.39,"$21,034,460 ",$2.56 ,0.1,15250,0.61,0.39,685225
North Dakota,ND,2012,0.077,"54,140",2,"SNAP, Other Nutrition Programs",2,"SNAP, Other Nutrition Programs",0.6,0,0.4,"$25,799,000 ",$2.72 ,0.11,"16,350",0.51,0.49,701176
North Dakota,ND,2013,0.078,"56,430",2,"SNAP, Other Nutrition Programs",2,"SNAP, Other Nutrition Programs",0.63,0,0.38,"$27,479,000 ",$2.75 ,0.11,"16,780",0.58,0.42,722036
North Dakota,ND,2014,0.08,"59,320",2,"SNAP, Other Nutrition Programs",2,"SNAP, Other Nutrition Programs",0.6,,0.4,"$30,599,000 ",$2.92 ,0.11,"19,070",0.55,0.45,737401
North Dakota,ND,2015,0.077,"58,030",2,"SNAP, Other Nutrition Programs",2,"SNAP, Other Nutrition Programs",0.6,,0.4,"$30,625,000 ",$2.94 ,0.09,"16,130",0.54,0.46,754066
North Dakota,ND,2016,0.074,"55,710",2,"SNAP, Other Nutrition Programs",2,"SNAP, Other Nutrition Programs",0.63,,0.37,"$29,141,000 ",$3.06 ,0.09,"16,440",0.58,0.42,754434
North Dakota,ND,2017,0.073,"54,930",2,"SNAP, Other Nutrition Programs",2,"SNAP, Other Nutrition Programs",0.62,,0.38,"$28,813,000 ",$3.07 ,0.1,"16,900",0.55,0.45,754942
North Dakota,ND,2018,0.068,"51,610",2,"SNAP, Other Nutrition Programs",2,"SNAP, Other Nutrition Programs",0.66,,0.34,"$27,186,000 ",$3.11 ,0.1,"16,700",0.64,0.36,758080
New Hampshire,NH,2019,0.088,"119,990",1.85,"SNAP, Other Nutrition Programs",1.85,"SNAP, Other Nutrition Programs",0.46,,0.54,"$71,451,000 ",$3.48 ,0.11,"27,980",0.55,0.45,1359711
Nebraska,NE,2009,0.118,"208,930",1.3,SNAP,1.85,other nutrition pgm,0.41,0.16,0.43,"$84,229,120 ",$2.41 ,0.21,"92,360",0.6,0.4,1812683
Nebraska,NE,2010,0.133,"243,790",1.3,SNAP,1.85,Other Nutrition Program,0.4,0.19,0.41,"$98,614,180 ",$2.35 ,0.22,"96,700",0.61,0.39,1829542
Nebraska,NE,2011,0.137,252060,1.3,SNAP,1.85,Other Nutrition Program,0.41,0.18,0.41,"$100,677,120 ",$2.45 ,0.21,94940,0.62,0.38,1840672
Nebraska,NE,2012,0.134,"248,100",1.3,SNAP,1.85,Other Nutrition Program,0.44,0.15,0.41,"$111,715,000 ",$2.57 ,0.21,"95,680",0.62,0.39,1853303
Nebraska,NE,2013,0.132,"246,960",1.3,SNAP,1.85,Other Nutrition Program,0.46,0.15,0.39,"$115,138,000 ",$2.63 ,0.21,"97,080",0.66,0.34,1865279
Nebraska,NE,2014,0.13,"245,160",1.3,SNAP,1.85,Other Nutrition Program,0.43,0.13,0.43,"$118,963,000 ",$2.75 ,0.2,"92,230",0.61,0.39,1879321
Nebraska,NE,2015,0.123,"233,350",1.3,SNAP,1.85,Other Nutrition Program,0.45,0.16,0.39,"$115,937,000 ",$2.77 ,0.18,"85,970",0.61,0.39,1891277
Nebraska,NE,2016,0.119,"227,350",1.3,SNAP,1.85,Other Nutrition Program,0.44,0.12,0.44,"$109,894,000 ",$2.83 ,0.17,"82,070",0.6,0.4,1905616
Nebraska,NE,2017,0.116,"223,170",1.3,SNAP,1.85,Other Nutrition Program,0.42,0.14,0.43,"$107,760,000 ",$2.83 ,0.17,"82,370",0.63,0.37,1915947
Nebraska,NE,2018,0.123,"237,440",1.3,SNAP,1.85,Other Nutrition Program,0.44,0.14,0.42,"$114,880,000 ",$2.86 ,0.17,"79,310",0.64,0.36,1925614
New Jersey,NJ,2019,0.086,"762,530",1.85,"SNAP, Other Nutrition Programs",1.85,"SNAP, Other Nutrition Programs",0.62,,0.38,"$444,703,000 ",$3.41 ,0.1,"192,580",0.75,0.25,8882190
New Hampshire,NH,2009,0.1,"131,400",1.85,SNAP,1.85,SNAP,0.45,0,0.55,"$58,103,320 ",$2.65 ,0.16,"46,400",0.46,0.54,1316102
New Hampshire,NH,2010,0.109,"143,150",1.85,"SNAP, Other Nutrition Programs",1.85,"SNAP, Other Nutrition Programs",0.48,0,0.52,"$65,050,540 ",$2.64 ,0.14,"40,400",0.53,0.47,1316762
New Hampshire,NH,2011,0.106,139910,1.85,"SNAP, Other Nutrition Programs",1.85,"SNAP, Other Nutrition Programs",0.52,0,0.48,"$64,549,960 ",$2.83 ,0.15,40490,0.55,0.45,1320202
New Hampshire,NH,2012,0.109,"144,290",1.85,"SNAP, Other Nutrition Programs",1.85,"SNAP, Other Nutrition Programs",0.53,0,0.47,"$73,905,000 ",$2.92 ,0.16,"44,440",0.55,0.45,1324232
New Hampshire,NH,2013,0.108,"143,200",1.85,"SNAP, Other Nutrition Programs",1.85,"SNAP, Other Nutrition Programs",0.54,0,0.47,"$75,067,000 ",$2.96 ,0.15,"42,170",0.57,0.43,1326622
New Hampshire,NH,2014,0.105,"139,730",1.85,"SNAP, Other Nutrition Programs",1.85,"SNAP, Other Nutrition Programs",0.51,,0.49,"$76,411,000 ",$3.10 ,0.16,"41,350",0.55,0.45,1333341
New Hampshire,NH,2015,0.097,"128,910",1.85,"SNAP, Other Nutrition Programs",1.85,"SNAP, Other Nutrition Programs",0.5,,0.5,"$73,100,000 ",$3.16 ,0.13,"33,940",0.51,0.49,1336350
New Hampshire,NH,2016,0.09,"119,770",1.85,"SNAP, Other Nutrition Programs",1.85,"SNAP, Other Nutrition Programs",0.49,,0.51,"$66,449,000 ",$3.25 ,0.11,"29,740",0.53,0.47,1342307
New Hampshire,NH,2017,0.091,"122,860",1.85,"SNAP, Other Nutrition Programs",1.85,"SNAP, Other Nutrition Programs",0.48,,0.52,"$69,502,000 ",$3.31 ,0.12,"31,640",0.53,0.47,1348787
New Hampshire,NH,2018,0.093,"125,590",1.85,"SNAP, Other Nutrition Programs",1.85,"SNAP, Other Nutrition Programs",0.49,,0.51,"$72,230,000 ",$3.40 ,0.13,"34,280",0.57,0.43,1353465
New Mexico,NM,2019,0.142,"298,030",1.65,SNAP,1.85,Other Nutrition Program,0.7,0.03,0.27,"$150,238,000 ",$2.95 ,0.22,"104,080",0.7,0.3,2096829
New Jersey,NJ,2009,0.127,"1,101,570",1.85,SNAP,1.85,SNAP,0.51,0,0.49,"$492,709,080 ",$2.68 ,0.19,"394,240",0.56,0.44,8755602
New Jersey,NJ,2010,0.135,"1,190,130",1.85,"SNAP, Other Nutrition Programs",1.85,"SNAP, Other Nutrition Programs",0.55,0,0.45,"$546,967,220 ",$2.67 ,0.19,"380,170",0.61,0.39,8799446
New Jersey,NJ,2011,0.14,1230690,1.85,"SNAP, Other Nutrition Programs",1.85,"SNAP, Other Nutrition Programs",0.61,0,0.39,"$565,794,290 ",$2.82 ,0.19,383020,0.62,0.38,8828117
New Jersey,NJ,2012,0.13,"1,151,890",1.85,"SNAP, Other Nutrition Programs",1.85,"SNAP, Other Nutrition Programs",0.62,0,0.38,"$600,738,000 ",$2.98 ,0.19,"375,240",0.64,0.36,8844942
New Jersey,NJ,2013,0.124,"1,101,750",1.85,"SNAP, Other Nutrition Programs",1.85,"SNAP, Other Nutrition Programs",0.64,0,0.36,"$564,887,000 ",$2.90 ,0.18,"374,350",0.65,0.35,8856972
New Jersey,NJ,2014,0.118,"1,051,880",1.85,"SNAP, Other Nutrition Programs",1.85,"SNAP, Other Nutrition Programs",0.64,,0.36,"$552,797,000 ",$2.98 ,0.17,"338,690",0.65,0.35,8864525
New Jersey,NJ,2015,0.108,"971,920",1.85,"SNAP, Other Nutrition Programs",1.85,"SNAP, Other Nutrition Programs",0.69,,0.31,"$530,406,000 ",$3.04 ,0.15,"298,010",0.68,0.32,8867949
New Jersey,NJ,2016,0.103,"919,030",1.85,"SNAP, Other Nutrition Programs",1.85,"SNAP, Other Nutrition Programs",0.67,,0.33,"$495,839,000 ",$3.16 ,0.14,"268,080",0.7,0.3,8870827
New Jersey,NJ,2017,0.096,"865,900",1.85,"SNAP, Other Nutrition Programs",1.85,"SNAP, Other Nutrition Programs",0.65,,0.35,"$478,385,000 ",$3.24 ,0.13,"260,340",0.67,0.33,8885525
New Jersey,NJ,2018,0.087,"774,860",1.85,"SNAP, Other Nutrition Programs",1.85,"SNAP, Other Nutrition Programs",0.67,,0.33,"$437,705,000 ",$3.34 ,0.11,"219,760",0.73,0.27,8886025
New York,NY,2019,0.107,"2,090,550",2,"SNAP, Other Nutrition Programs",2,"SNAP, Other Nutrition Programs",0.69,,0.31,"$1,182,879,000 ",$3.31 ,0.16,"626,450",0.71,0.29,19453561
New Mexico,NM,2009,0.171,"336,430",1.3,SNAP,1.85,other nutrition pgm,0.55,0.18,0.27,"$136,915,050 ",$2.44 ,0.27,"137,720",0.73,0.27,2036802
New Mexico,NM,2010,0.185,"381,690",1.65,SNAP,1.85,Other Nutrition Program,0.67,0.08,0.25,"$155,709,380 ",$2.37 ,0.29,"146,940",0.71,0.29,2064552
New Mexico,NM,2011,0.201,417780,1.65,SNAP,1.85,Other Nutrition Program,0.68,0.07,0.24,"$168,911,840 ",$2.48 ,0.31,156930,0.78,0.22,2080450
New Mexico,NM,2012,0.186,"387,100",1.65,SNAP,1.85,Other Nutrition Program,0.69,0.06,0.25,"$175,675,000 ",$2.59 ,0.29,"150,390",0.76,0.24,2087309
New Mexico,NM,2013,0.173,"360,920",1.65,SNAP,1.85,Other Nutrition Program,0.71,0.06,0.23,"$170,231,000 ",$2.66 ,0.28,"145,280",0.76,0.24,2092273
New Mexico,NM,2014,0.172,"358,770",1.65,SNAP,1.85,Other Nutrition Program,0.71,0.04,0.25,"$175,620,000 ",$2.77 ,0.27,"136,070",0.75,0.25,2089568
New Mexico,NM,2015,0.16,"332,610",1.65,SNAP,1.85,Other Nutrition Program,0.71,0.06,0.23,"$166,502,000 ",$2.79 ,0.25,"124,980",0.73,0.27,2089291
New Mexico,NM,2016,0.158,"327,930",1.65,SNAP,1.85,Other Nutrition Program,0.73,0.02,0.25,"$160,282,000 ",$2.86 ,0.26,"125,210",0.74,0.26,2091630
New Mexico,NM,2017,0.155,"324,000",1.65,SNAP,1.85,Other Nutrition Program,0.7,0.03,0.27,"$158,536,000 ",$2.87 ,0.24,"118,030",0.73,0.27,2091784
New Mexico,NM,2018,0.151,"315,990",1.65,SNAP,1.85,Other Nutrition Program,0.71,0.04,0.25,"$155,654,000 ",$2.91 ,0.24,"114,180",0.72,0.28,2092741
North Carolina,NC,2019,0.135,"1,417,440",2,"SNAP, Other Nutrition Programs",2,"SNAP, Other Nutrition Programs",0.67,,0.33,"$724,977,000 ",$2.99 ,0.18,"419,470",0.71,0.29,10488084
Nevada,NV,2009,0.161,"410,390",2,SNAP,2,SNAP,0.6,0,0.4,"$168,755,680 ",$2.46 ,0.28,"182,710",0.54,0.46,2684665
Nevada,NV,2010,0.175,"472,710",2,"SNAP, Other Nutrition Programs",2,"SNAP, Other Nutrition Programs",0.67,0,0.33,"$205,859,510 ",$2.53 ,0.28,"184,890",0.61,0.39,2702405
Nevada,NV,2011,0.174,472660,2,"SNAP, Other Nutrition Programs",2,"SNAP, Other Nutrition Programs",0.68,0,0.32,"$197,264,800 ",$2.56 ,0.28,183360,0.66,0.34,2712730
Nevada,NV,2012,0.168,"464,090",2,"SNAP, Other Nutrition Programs",2,"SNAP, Other Nutrition Programs",0.75,0,0.25,"$214,671,000 ",$2.64 ,0.28,"186,380",0.69,0.31,2743996
Nevada,NV,2013,0.158,"441,190",2,"SNAP, Other Nutrition Programs",2,"SNAP, Other Nutrition Programs",0.75,0,0.25,"$216,105,000 ",$2.77 ,0.27,"176,810",0.7,0.3,2775970
Nevada,NV,2014,0.149,"423,210",2,"SNAP, Other Nutrition Programs",2,"SNAP, Other Nutrition Programs",0.78,,0.22,"$216,359,000 ",$2.90 ,0.24,"161,260",0.68,0.32,2817628
Nevada,NV,2015,0.137,"394,910",2,"SNAP, Other Nutrition Programs",2,"SNAP, Other Nutrition Programs",0.75,,0.25,"$210,694,000 ",$2.98 ,0.22,"149,460",0.66,0.34,2866939
Nevada,NV,2016,0.127,"372,820",2,"SNAP, Other Nutrition Programs",2,"SNAP, Other Nutrition Programs",0.76,,0.24,"$191,725,000 ",$3.01 ,0.21,"138,880",0.63,0.37,2917563
Nevada,NV,2017,0.122,"365,160",2,"SNAP, Other Nutrition Programs",2,"SNAP, Other Nutrition Programs",0.72,,0.28,"$190,010,000 ",$3.05 ,0.2,"136,800",0.6,0.4,2969905
Nevada,NV,2018,0.128,"388,420",2,"SNAP, Other Nutrition Programs",2,"SNAP, Other Nutrition Programs",0.72,,0.28,"$207,140,000 ",$3.15 ,0.2,"134,350",0.65,0.35,3027341
North Dakota,ND,2019,0.067,"51,380",2,"SNAP, Other Nutrition Programs",2,"SNAP, Other Nutrition Programs",0.62,,0.39,"$27,899,000 ",$3.18 ,0.09,"16,360",0.69,0.31,762062
New York,NY,2009,0.135,"2,616,780",1.3,SNAP,1.85,other nutrition pgm,0.45,0.17,0.38,"$1,220,401,570 ",$2.79 ,0.22,"1,006,390",0.6,0.4,19307066
New York,NY,2010,0.142,"2,757,270",1.3,SNAP,1.85,Other Nutrition Program,0.45,0.19,0.36,"$1,186,519,660 ",$2.50 ,0.21,"902,070",0.62,0.38,19399878
New York,NY,2011,0.147,2853190,1.3,SNAP,1.85,Other Nutrition Program,0.53,0.17,0.3,"$1,246,597,540 ",$2.68 ,0.22,924970,0.67,0.33,19499241
New York,NY,2012,0.141,"2,758,740",2,"SNAP, Other Nutrition Programs",2,"SNAP, Other Nutrition Programs",0.74,0,0.27,"$1,359,183,000 ",$2.81 ,0.22,"927,150",0.67,0.33,19572932
New York,NY,2013,0.139,"2,739,920",2,"SNAP, Other Nutrition Programs",2,"SNAP, Other Nutrition Programs",0.73,0,0.27,"$1,385,728,000 ",$2.86 ,0.22,"938,610",0.69,0.31,19624447
New York,NY,2014,0.135,"2,672,460",2,"SNAP, Other Nutrition Programs",2,"SNAP, Other Nutrition Programs",0.75,,0.25,"$1,400,548,000 ",$2.97 ,0.21,"884,170",0.68,0.32,19651049
New York,NY,2015,0.126,"2,502,250",2,"SNAP, Other Nutrition Programs",2,"SNAP, Other Nutrition Programs",0.74,,0.26,"$1,371,215,000 ",$3.06 ,0.19,"819,460",0.67,0.33,19654666
New York,NY,2016,0.119,"2,352,940",2,"SNAP, Other Nutrition Programs",2,"SNAP, Other Nutrition Programs",0.74,,0.26,"$1,242,696,000 ",$3.09 ,0.18,"750,000",0.67,0.33,19633428
New York,NY,2017,0.114,"2,261,250",2,"SNAP, Other Nutrition Programs",2,"SNAP, Other Nutrition Programs",0.75,,0.25,"$1,210,704,000 ",$3.14 ,0.18,"732,300",0.66,0.34,19589572
New York,NY,2018,0.111,"2,166,060",2,"SNAP, Other Nutrition Programs",2,"SNAP, Other Nutrition Programs",0.75,,0.25,"$1,182,494,000 ",$3.23 ,0.17,"685,500",0.75,0.25,19530351
Ohio,OH,2019,0.132,"1,547,110",1.3,SNAP,1.85,Other Nutrition Program,0.49,0.14,0.37,"$757,327,000 ",$2.86 ,0.17,"448,600",0.68,0.32,11689100
Ohio,OH,2009,0.171,"1,973,510",1.3,SNAP,1.85,other nutrition pgm,0.43,0.15,0.42,"$759,599,150 ",$2.30 ,0.27,"731,040",0.6,0.4,11528896
Ohio,OH,2010,0.181,"2,083,240",1.3,SNAP,1.85,Other Nutrition Program,0.45,0.17,0.38,"$835,508,480 ",$2.33 ,0.26,"693,110",0.66,0.34,11539336
Ohio,OH,2011,0.178,2054290,1.3,SNAP,1.85,Other Nutrition Program,0.51,0.16,0.33,"$807,122,720 ",$2.41 ,0.26,679900,0.68,0.32,11544663
Ohio,OH,2012,0.172,"1,982,170",1.3,SNAP,1.85,Other Nutrition Program,0.54,0.14,0.32,"$867,931,000 ",$2.50 ,0.25,"671,090",0.67,0.33,11548923
Ohio,OH,2013,0.169,"1,951,880",1.3,SNAP,1.85,Other Nutrition Program,0.54,0.14,0.33,"$885,586,000 ",$2.56 ,0.24,"653,410",0.69,0.31,11576684
Ohio,OH,2014,0.168,"1,943,340",1.3,SNAP,1.85,Other Nutrition Program,0.52,0.13,0.35,"$911,848,000 ",$2.66 ,0.24,"628,580",0.67,0.33,11602700
Ohio,OH,2015,0.16,"1,852,870",1.3,SNAP,1.85,Other Nutrition Program,0.52,0.16,0.32,"$903,221,000 ",$2.72 ,0.22,"575,020",0.67,0.33,11617527
Ohio,OH,2016,0.151,"1,758,310",1.3,SNAP,1.85,Other Nutrition Program,0.53,0.12,0.36,"$829,430,000 ",$2.76 ,0.2,"528,960",0.66,0.34,11634370
Ohio,OH,2017,0.145,"1,691,910",1.3,SNAP,1.85,Other Nutrition Program,0.51,0.13,0.37,"$797,169,000 ",$2.76 ,0.2,"510,030",0.66,0.34,11659650
Ohio,OH,2018,0.139,"1,624,180",1.3,SNAP,1.85,Other Nutrition Program,0.5,0.12,0.38,"$767,710,000 ",$2.79 ,0.19,"489,160",0.67,0.33,11676341
Oklahoma,OK,2019,0.147,"583,570",1.3,SNAP,1.85,Other Nutrition Program,0.47,0.15,0.38,"$288,155,000 ",$2.89 ,0.21,"194,880",0.67,0.33,3956971
Oklahoma,OK,2009,0.171,"618,600",1.3,SNAP,1.85,other nutrition pgm,0.49,0.17,0.35,"$257,785,960 ",$2.49 ,0.27,"240,740",0.63,0.37,3717572
Oklahoma,OK,2010,0.177,"664,890",1.3,SNAP,1.85,Other Nutrition Program,0.47,0.19,0.34,"$281,540,280 ",$2.46 ,0.27,"244,050",0.63,0.37,3759944
Oklahoma,OK,2011,0.172,653820,1.3,SNAP,1.85,Other Nutrition Program,0.51,0.18,0.32,"$275,003,790 ",$2.58 ,0.25,233350,0.67,0.33,3788379
Oklahoma,OK,2012,0.172,"656,300",1.3,SNAP,1.85,Other Nutrition Program,0.53,0.16,0.31,"$305,922,000 ",$2.66 ,0.26,"239,380",0.67,0.33,3818814
Oklahoma,OK,2013,0.17,"654,640",1.3,SNAP,1.85,Other Nutrition Program,0.52,0.17,0.31,"$314,445,000 ",$2.71 ,0.26,"242,990",0.69,0.31,3853214
Oklahoma,OK,2014,0.168,"652,090",1.3,SNAP,1.85,Other Nutrition Program,0.5,0.16,0.35,"$320,603,000 ",$2.78 ,0.24,"226,390",0.65,0.35,3878187
Oklahoma,OK,2015,0.162,"632,030",1.3,SNAP,1.85,Other Nutrition Program,0.51,0.18,0.31,"$320,046,000 ",$2.82 ,0.23,"216,980",0.66,0.34,3909500
Oklahoma,OK,2016,0.162,"635,740",1.3,SNAP,1.85,Other Nutrition Program,0.52,0.15,0.33,"$313,377,000 ",$2.88 ,0.23,"218,770",0.66,0.34,3926331
Oklahoma,OK,2017,0.158,"621,370",1.3,SNAP,1.85,Other Nutrition Program,0.49,0.16,0.35,"$304,698,000 ",$2.87 ,0.22,"213,720",0.64,0.36,3931316
Oklahoma,OK,2018,0.151,"594,140",1.3,SNAP,1.85,Other Nutrition Program,0.47,0.16,0.37,"$290,887,000 ",$2.89 ,0.22,"208,110",0.66,0.34,3940235
Oregon,OR,2019,0.115,"486,200",1.85,"SNAP, Other Nutrition Programs",1.85,"SNAP, Other Nutrition Programs",0.6,,0.4,"$260,033,000 ",$3.13 ,0.15,"125,540",0.64,0.36,4217737
Oregon,OR,2009,0.168,"626,420",1.85,SNAP,1.85,SNAP,0.65,0,0.35,"$272,475,420 ",$2.60 ,0.29,"252,510",0.59,0.41,3808600
Oregon,OR,2010,0.175,"671,440",1.85,"SNAP, Other Nutrition Programs",1.85,"SNAP, Other Nutrition Programs",0.7,0,0.3,"$295,871,280 ",$2.56 ,0.29,"247,380",0.65,0.35,3837491
Oregon,OR,2011,0.179,694050,1.85,"SNAP, Other Nutrition Programs",1.85,"SNAP, Other Nutrition Programs",0.72,0,0.29,"$293,056,460 ",$2.59 ,0.29,245260,0.66,0.34,3872036
Oregon,OR,2012,0.167,"653,000",1.85,"SNAP, Other Nutrition Programs",1.85,"SNAP, Other Nutrition Programs",0.72,0,0.28,"$302,837,000 ",$2.65 ,0.27,"235,410",0.68,0.32,3899001
Oregon,OR,2013,0.158,"619,040",1.85,"SNAP, Other Nutrition Programs",1.85,"SNAP, Other Nutrition Programs",0.75,0,0.26,"$303,578,000 ",$2.77 ,0.26,"223,480",0.69,0.31,3922468
Oregon,OR,2014,0.152,"605,100",1.85,"SNAP, Other Nutrition Programs",1.85,"SNAP, Other Nutrition Programs",0.74,,0.26,"$303,833,000 ",$2.84 ,0.25,"210,290",0.68,0.32,3963244
Oregon,OR,2015,0.142,"572,790",1.85,"SNAP, Other Nutrition Programs",1.85,"SNAP, Other Nutrition Programs",0.74,,0.26,"$298,910,000 ",$2.91 ,0.23,"194,070",0.65,0.35,4015792
Oregon,OR,2016,0.129,"527,370",1.85,"SNAP, Other Nutrition Programs",1.85,"SNAP, Other Nutrition Programs",0.7,,0.3,"$264,279,000 ",$2.93 ,0.2,"173,780",0.63,0.37,4089976
Oregon,OR,2017,0.123,"510,080",1.85,"SNAP, Other Nutrition Programs",1.85,"SNAP, Other Nutrition Programs",0.68,,0.32,"$258,439,000 ",$2.97 ,0.19,"165,290",0.63,0.37,4143625
Oregon,OR,2018,0.119,"498,730",1.85,"SNAP, Other Nutrition Programs",1.85,"SNAP, Other Nutrition Programs",0.65,,0.35,"$264,260,000 ",$3.13 ,0.16,"139,220",0.7,0.3,4181886
Pennsylvania,PA,2019,0.106,"1,353,730",1.6,SNAP,1.85,Other Nutrition Program,0.57,0.1,0.34,"$733,806,000 ",$3.17 ,0.15,"383,520",0.67,0.33,12801989
Pennsylvania,PA,2009,0.135,"1,690,430",1.6,SNAP,1.85,other nutrition pgm,0.52,0.07,0.42,"$712,335,010 ",$2.52 ,0.21,"588,370",0.62,0.38,12666858
Pennsylvania,PA,2010,0.146,"1,850,140",1.6,SNAP,1.85,Other Nutrition Program,0.5,0.08,0.42,"$805,713,700 ",$2.53 ,0.2,"555,110",0.65,0.35,12711160
Pennsylvania,PA,2011,0.149,1894550,1.6,SNAP,1.85,Other Nutrition Program,0.54,0.09,0.37,"$821,577,400 ",$2.66 ,0.21,559120,0.65,0.35,12745815
Pennsylvania,PA,2012,0.143,"1,828,730",1.6,SNAP,1.85,Other Nutrition Program,0.56,0.08,0.37,"$879,686,000 ",$2.75 ,0.21,"562,770",0.66,0.34,12767118
Pennsylvania,PA,2013,0.142,"1,808,660",1.6,SNAP,1.85,Other Nutrition Program,0.56,0.08,0.36,"$892,571,000 ",$2.79 ,0.2,"564,440",0.67,0.33,12776309
Pennsylvania,PA,2014,0.138,"1,760,450",1.6,SNAP,1.85,Other Nutrition Program,0.58,0.05,0.37,"$895,714,000 ",$2.88 ,0.19,"521,750",0.65,0.35,12788313
Pennsylvania,PA,2015,0.131,"1,674,420",1.6,SNAP,1.85,Other Nutrition Program,0.57,0.08,0.35,"$880,598,000 ",$2.93 ,0.18,"482,130",0.67,0.33,12784826
Pennsylvania,PA,2016,0.125,"1,599,520",1.6,SNAP,1.85,Other Nutrition Program,0.59,0.04,0.37,"$821,658,000 ",$3.01 ,0.17,"452,690",0.66,0.34,12782275
Pennsylvania,PA,2017,0.12,"1,534,710",1.6,SNAP,1.85,Other Nutrition Program,0.57,0.03,0.4,"$797,438,000 ",$3.04 ,0.16,"437,340",0.63,0.37,12787641
Pennsylvania,PA,2018,0.109,"1,401,920",1.6,SNAP,1.85,Other Nutrition Program,0.58,0.1,0.32,"$737,258,000 ",$3.11 ,0.15,"399,270",0.68,0.32,12800922
Rhode Island,RI,2019,0.095,"101,100",1.85,"SNAP, Other Nutrition Programs",1.85,"SNAP, Other Nutrition Programs",0.59,,0.41,"$59,135,000 ",$3.42 ,0.14,"28,350",0.73,0.27,1059361
Rhode Island,RI,2009,0.156,"164,830",1.85,SNAP,1.85,SNAP,0.55,0,0.45,"$78,131,700 ",$2.84 ,0.24,"55,390",0.6,0.4,1053646
Rhode Island,RI,2010,0.153,"161,360",1.85,"SNAP, Other Nutrition Programs",1.85,"SNAP, Other Nutrition Programs",0.61,0,0.39,"$75,547,560 ",$2.72 ,0.22,"47,660",0.68,0.32,1053959
Rhode Island,RI,2011,0.153,161050,1.85,"SNAP, Other Nutrition Programs",1.85,"SNAP, Other Nutrition Programs",0.61,0,0.39,"$75,616,050 ",$2.88 ,0.22,47780,0.69,0.31,1053649
Rhode Island,RI,2012,0.147,"153,940",1.85,"SNAP, Other Nutrition Programs",1.85,"SNAP, Other Nutrition Programs",0.62,0,0.38,"$79,077,000 ",$2.93 ,0.21,"46,150",0.68,0.32,1054621
Rhode Island,RI,2013,0.144,"151,840",1.85,"SNAP, Other Nutrition Programs",1.85,"SNAP, Other Nutrition Programs",0.63,0,0.37,"$77,449,000 ",$2.88 ,0.22,"47,740",0.71,0.29,1055081
Rhode Island,RI,2014,0.14,"147,460",1.85,"SNAP, Other Nutrition Programs",1.85,"SNAP, Other Nutrition Programs",0.64,,0.36,"$76,405,000 ",$2.93 ,0.2,"43,210",0.7,0.3,1055936
Rhode Island,RI,2015,0.125,"132,090",1.85,"SNAP, Other Nutrition Programs",1.85,"SNAP, Other Nutrition Programs",0.68,,0.32,"$71,928,000 ",$3.04 ,0.18,"38,430",0.71,0.29,1056065
Rhode Island,RI,2016,0.121,"128,330",1.85,"SNAP, Other Nutrition Programs",1.85,"SNAP, Other Nutrition Programs",0.66,,0.35,"$68,489,000 ",$3.12 ,0.17,"36,230",0.74,0.26,1056770
Rhode Island,RI,2017,0.114,"120,590",1.85,"SNAP, Other Nutrition Programs",1.85,"SNAP, Other Nutrition Programs",0.62,,0.39,"$66,402,000 ",$3.23 ,0.17,"35,760",0.63,0.37,1055673
Rhode Island,RI,2018,0.114,"120,970",1.85,"SNAP, Other Nutrition Programs",1.85,"SNAP, Other Nutrition Programs",0.62,,0.38,"$69,276,000 ",$3.38 ,0.18,"36,270",0.73,0.27,1058287
South Carolina,SC,2019,0.108,"555,630",1.3,SNAP,1.85,Other Nutrition Program,0.55,0.11,0.34,"$279,337,000 ",$2.94 ,0.15,"161,030",0.67,0.33,5148714
South Carolina,SC,2009,0.183,"807,960",1.3,SNAP,1.85,other nutrition pgm,0.48,0.19,0.33,"$319,896,400 ",$2.37 ,0.28,"292,840",0.64,0.36,4589872
South Carolina,SC,2010,0.188,"870,420",1.3,SNAP,1.85,Other Nutrition Program,0.47,0.22,0.31,"$353,587,170 ",$2.36 ,0.27,"288,640",0.69,0.31,4635649
South Carolina,SC,2011,0.186,870210,1.3,SNAP,1.85,Other Nutrition Program,0.55,0.2,0.26,"$353,251,650 ",$2.49 ,0.27,292800,0.7,0.3,4671994
South Carolina,SC,2012,0.18,"848,590",1.3,SNAP,1.85,Other Nutrition Program,0.56,0.18,0.26,"$387,989,000 ",$2.61 ,0.26,"284,880",0.71,0.29,4717354
South Carolina,SC,2013,0.171,"814,560",1.3,SNAP,1.85,Other Nutrition Program,0.57,0.18,0.26,"$381,318,000 ",$2.64 ,0.25,"271,560",0.72,0.28,4764080
South Carolina,SC,2014,0.164,"794,590",1.3,SNAP,1.85,Other Nutrition Program,0.56,0.16,0.28,"$393,252,000 ",$2.80 ,0.23,"253,340",0.71,0.29,4823617
South Carolina,SC,2015,0.153,"746,810",1.3,SNAP,1.85,Other Nutrition Program,0.55,0.19,0.26,"$378,951,000 ",$2.83 ,0.21,"225,550",0.69,0.31,4891938
South Carolina,SC,2016,0.139,"687,880",1.3,SNAP,1.85,Other Nutrition Program,0.55,0.16,0.3,"$335,759,000 ",$2.86 ,0.19,"207,840",0.67,0.33,4957968
South Carolina,SC,2017,0.135,"679,990",1.3,SNAP,1.85,Other Nutrition Program,0.55,0.15,0.3,"$324,978,000 ",$2.80 ,0.18,"202,110",0.68,0.32,5021268
South Carolina,SC,2018,0.118,"600,440",1.3,SNAP,1.85,Other Nutrition Program,0.54,0.15,0.31,"$291,600,000 ",$2.87 ,0.16,"178,710",0.68,0.32,5084156
South Dekota,SD,2019,0.103,"91,510",1.3,SNAP,1.85,Other Nutrition Program,0.46,0.15,0.39,"$47,824,000 ",$3.06 ,0.15,"32,860",0.66,0.34,884659
South Dekota,SD,2009,0.116,"92,220",1.3,SNAP,1.85,other nutrition pgm,0.46,0.15,0.39,"$40,034,890 ",$2.60 ,0.2,"38,440",0.6,0.4,807067
South Dekota,SD,2010,0.126,"102,470",1.3,SNAP,1.85,Other Nutrition Program,0.46,0.17,0.38,"$43,213,400 ",$2.45 ,0.18,"35,450",0.62,0.38,816166
South Dekota,SD,2011,0.125,103180,1.3,SNAP,1.85,Other Nutrition Program,0.46,0.17,0.38,"$43,735,050 ",$2.60 ,0.18,36110,0.6,0.4,823579
South Dekota,SD,2012,0.123,"102,860",1.3,SNAP,1.85,Other Nutrition Program,0.46,0.16,0.38,"$49,405,000 ",$2.74 ,0.19,"37,770",0.62,0.38,833566
South Dekota,SD,2013,0.124,"105,120",1.3,SNAP,1.85,Other Nutrition Program,0.51,0.14,0.35,"$51,928,000 ",$2.79 ,0.2,"40,040",0.65,0.35,842316
South Dekota,SD,2014,0.124,"105,880",1.3,SNAP,1.85,Other Nutrition Program,0.46,0.13,0.41,"$54,553,000 ",$2.92 ,0.19,"39,030",0.63,0.37,849129
South Dekota,SD,2015,0.121,"104,140",1.3,SNAP,1.85,Other Nutrition Program,0.49,0.15,0.37,"$54,897,000 ",$2.94 ,0.18,"37,670",0.64,0.36,853988
South Dekota,SD,2016,0.117,"100,990",1.3,SNAP,1.85,Other Nutrition Program,0.47,0.13,0.4,"$51,929,000 ",$3.01 ,0.17,"35,360",0.63,0.37,862996
South Dekota,SD,2017,0.114,"99,190",1.3,SNAP,1.85,Other Nutrition Program,0.46,0.12,0.43,"$51,050,000 ",$3.02 ,0.16,"34,970",0.58,0.42,872868
South Dekota,SD,2018,0.108,"95,080",1.3,SNAP,1.85,Other Nutrition Program,0.48,0.14,0.38,"$48,379,000 ",$3.01 ,0.17,"35,330",0.7,0.3,878698
Tennessee,TN,2019,0.133,"905,090",1.3,SNAP,1.85,Other Nutrition Program,0.51,0.14,0.35,"$475,763,000 ",$3.07 ,0.16,"237,100",0.71,0.29,6829174
Tennessee,TN,2009,0.173,"1,064,160",1.3,SNAP,1.85,other nutrition pgm,0.49,0.19,0.32,"$458,364,340 ",$2.58 ,0.27,"396,470",0.7,0.3,6306019
Tennessee,TN,2010,0.176,"1,116,550",1.3,SNAP,1.85,Other Nutrition Program,0.49,0.22,0.3,"$488,166,000 ",$2.54 ,0.25,"368,490",0.74,0.26,6355311
Tennessee,TN,2011,0.176,1127190,1.3,SNAP,1.85,Other Nutrition Program,0.53,0.21,0.26,"$488,809,390 ",$2.66 ,0.25,369020,0.75,0.25,6399291
Tennessee,TN,2012,0.171,"1,101,800",1.3,SNAP,1.85,Other Nutrition Program,0.55,0.19,0.27,"$534,330,000 ",$2.77 ,0.25,"368,530",0.73,0.27,6453898
Tennessee,TN,2013,0.171,"1,107,820",1.3,SNAP,1.85,Other Nutrition Program,0.56,0.18,0.26,"$545,632,000 ",$2.78 ,0.25,"379,780",0.74,0.26,6494340
Tennessee,TN,2014,0.169,"1,103,580",1.3,SNAP,1.85,Other Nutrition Program,0.56,0.17,0.28,"$562,556,000 ",$2.89 ,0.24,"357,920",0.72,0.28,6541223
Tennessee,TN,2015,0.154,"1,016,420",1.3,SNAP,1.85,Other Nutrition Program,0.56,0.19,0.25,"$535,957,000 ",$2.94 ,0.21,"315,370",0.73,0.27,6591170
Tennessee,TN,2016,0.145,"967,430",1.3,SNAP,1.85,Other Nutrition Program,0.55,0.16,0.28,"$496,487,000 ",$3.00 ,0.2,"295,570",0.71,0.29,6646010
Tennessee,TN,2017,0.139,"934,310",1.3,SNAP,1.85,Other Nutrition Program,0.54,0.15,0.31,"$472,085,000 ",$2.96 ,0.19,"285,770",0.69,0.31,6708799
Tennessee,TN,2018,0.14,"950,290",1.3,SNAP,1.85,Other Nutrition Program,0.54,0.15,0.32,"$486,768,000 ",$3.03 ,0.18,"267,110",0.73,0.27,6771631
Texas,TX,2019,0.141,"4,092,850",1.65,SNAP,1.85,Other Nutrition Program,0.62,0.05,0.33,"$1,872,381,000 ",$2.68 ,0.2,"1,448,490",0.66,0.34,28995881
Texas,TX,2009,0.178,"4,245,970",1.65,SNAP,1.85,other nutrition pgm,0.61,0.08,0.31,"$1,673,903,770 ",$2.36 ,0.28,"1,871,660",0.67,0.33,24801761
Texas,TX,2010,0.185,"4,672,780",1.65,SNAP,1.85,Other Nutrition Program,0.64,0.08,0.29,"$1,857,988,190 ",$2.31 ,0.27,"1,845,670",0.68,0.32,25241971
Texas,TX,2011,0.187,4812760,1.65,SNAP,1.85,Other Nutrition Program,0.65,0.08,0.26,"$1,788,915,510 ",$2.28 ,0.28,1894060,0.7,0.3,25645629
Texas,TX,2012,0.183,"4,773,850",1.65,SNAP,1.85,Other Nutrition Program,0.67,0.07,0.26,"$2,007,186,000 ",$2.40 ,0.27,"1,909,470",0.7,0.3,26084481
Texas,TX,2013,0.176,"4,653,290",1.65,SNAP,1.85,Other Nutrition Program,0.65,0.06,0.3,"$2,019,234,000 ",$2.45 ,0.27,"1,899,310",0.7,0.3,26480266
Texas,TX,2014,0.17,"4,578,670",1.65,SNAP,1.85,Other Nutrition Program,0.64,0.05,0.32,"$2,045,312,000 ",$2.53 ,0.26,"1,821,820",0.67,0.33,26964333
Texas,TX,2015,0.157,"4,320,050",1.65,SNAP,1.85,Other Nutrition Program,0.63,0.06,0.31,"$2,007,143,000 ",$2.59 ,0.24,"1,713,430",0.66,0.34,27470056
Texas,TX,2016,0.154,"4,277,540",1.65,SNAP,1.85,Other Nutrition Program,0.64,0.03,0.33,"$1,953,920,000 ",$2.67 ,0.23,"1,676,740",0.66,0.34,27914410
Texas,TX,2017,0.149,"4,217,470",1.65,SNAP,1.85,Other Nutrition Program,0.61,0.03,0.35,"$1,949,246,000 ",$2.71 ,0.23,"1,658,680",0.63,0.37,28295273
Texas,TX,2018,0.15,"4,295,240",1.65,SNAP,1.85,Other Nutrition Program,0.63,0.06,0.31,"$1,920,819,000 ",$2.64 ,0.22,"1,598,940",0.68,0.32,28628666
Utah,UT,2019,0.111,"355,550",1.3,SNAP,1.85,Other Nutrition Program,0.37,0.14,0.49,"$178,573,000 ",$2.94 ,0.12,"113,700",0.54,0.46,3205958
Utah,UT,2009,0.151,"399,560",1.3,SNAP,1.85,other nutrition pgm,0.4,0.18,0.42,"$163,284,940 ",$2.45 ,0.21,"170,760",0.54,0.46,2723421
Utah,UT,2010,0.17,"472,000",1.3,SNAP,1.85,Other Nutrition Program,0.42,0.2,0.39,"$210,425,030 ",$2.59 ,0.22,"189,540",0.56,0.44,2775332
Utah,UT,2011,0.167,471850,1.3,SNAP,1.85,Other Nutrition Program,0.43,0.18,0.39,"$182,311,090 ",$2.37 ,0.21,186170,0.58,0.42,2814384
Utah,UT,2012,0.155,"443,830",1.3,SNAP,1.85,Other Nutrition Program,0.47,0.18,0.36,"$196,493,000 ",$2.53 ,0.21,"183,320",0.62,0.38,2853375
Utah,UT,2013,0.146,"423,420",1.3,SNAP,1.85,Other Nutrition Program,0.47,0.17,0.36,"$197,059,000 ",$2.63 ,0.2,"179,130",0.6,0.4,2897640
Utah,UT,2014,0.142,"416,670",1.3,SNAP,1.85,Other Nutrition Program,0.44,0.16,0.4,"$204,334,000 ",$2.78 ,0.18,"164,440",0.55,0.45,2936879
Utah,UT,2015,0.131,"391,610",1.3,SNAP,1.85,Other Nutrition Program,0.44,0.19,0.37,"$195,913,000 ",$2.79 ,0.16,"149,790",0.57,0.43,2981835
Utah,UT,2016,0.125,"382,490",1.3,SNAP,1.85,Other Nutrition Program,0.44,0.14,0.42,"$184,235,000 ",$2.82 ,0.15,"142,320",0.53,0.47,3041868
Utah,UT,2017,0.121,"373,850",1.3,SNAP,1.85,Other Nutrition Program,0.4,0.14,0.46,"$179,279,000 ",$2.81 ,0.15,"135,940",0.51,0.49,3101042
Utah,UT,2018,0.11,"347,370",1.3,SNAP,1.85,Other Nutrition Program,0.38,0.17,0.45,"$171,029,000 ",$2.91 ,0.12,"113,190",0.57,0.43,3153550
Vermont,VT,2019,0.11,"68,590",1.85,"SNAP, Other Nutrition Programs",1.85,"SNAP, Other Nutrition Programs",0.53,,0.47,"$42,174,000 ",$3.60 ,0.14,"15,730",0.58,0.42,623989
Virginia,VA,2009,0.118,"912,790",1.3,SNAP,1.85,other nutrition pgm,0.4,0.19,0.41,"$409,046,470 ",$2.68 ,0.18,"321,490",0.57,0.43,7925937
Virginia,VA,2010,0.124,"992,490",1.3,SNAP,1.85,Other Nutrition Program,0.39,0.22,0.39,"$428,800,710 ",$2.51 ,0.16,"300,430",0.63,0.37,8023699
Virginia,VA,2011,0.127,1026730,1.3,SNAP,1.85,Other Nutrition Program,0.46,0.18,0.37,"$461,983,120 ",$2.76 ,0.17,301980,0.61,0.39,8101155
Virginia,VA,2012,0.121,"993,530",1.3,SNAP,1.85,Other Nutrition Program,0.48,0.18,0.34,"$497,973,000 ",$2.86 ,0.16,"299,600",0.62,0.38,8185080
Virginia,VA,2013,0.119,"982,650",1.3,SNAP,1.85,Other Nutrition Program,0.49,0.17,0.33,"$508,665,000 ",$2.92 ,0.17,"311,410",0.65,0.35,8252427
Virginia,VA,2014,0.118,"983,880",1.3,SNAP,1.85,Other Nutrition Program,0.49,0.17,0.35,"$523,149,000 ",$3.01 ,0.16,"299,050",0.64,0.36,8310993
Virginia,VA,2015,0.112,"935,480",1.3,SNAP,1.85,Other Nutrition Program,0.49,0.19,0.33,"$508,587,000 ",$3.03 ,0.14,"268,670",0.64,0.36,8361808
Virginia,VA,2016,0.106,"893,720",1.3,SNAP,1.85,Other Nutrition Program,0.49,0.14,0.37,"$468,094,000 ",$3.07 ,0.13,"249,170",0.64,0.36,8410106
Virginia,VA,2017,0.102,"863,390",1.3,SNAP,1.85,Other Nutrition Program,0.48,0.14,0.38,"$446,691,000 ",$3.03 ,0.13,"247,470",0.62,0.38,8463587
Virginia,VA,2018,0.099,"842,870",1.3,SNAP,1.85,Other Nutrition Program,0.47,0.13,0.4,"$442,908,000 ",$3.10 ,0.13,"233,530",0.61,0.39,8501286
Virginia,VA,2019,0.094,"799,620",1.3,SNAP,1.85,Other Nutrition Program,0.47,0.11,0.41,"$433,605,000 ",$3.17 ,0.12,"214,270",0.6,0.4,8535519
Vermont,VT,2009,0.133,"82,270",1.85,SNAP,1.85,SNAP,0.57,0,0.43,"$41,440,980 ",$3.01 ,0.21,"27,160",0.53,0.47,624817
Vermont,VT,2010,0.141,"88,260",1.85,"SNAP, Other Nutrition Programs",1.85,"SNAP, Other Nutrition Programs",0.59,0,0.41,"$38,436,170 ",$2.53 ,0.21,"25,960",0.6,0.4,625879
Vermont,VT,2011,0.131,81750,1.85,"SNAP, Other Nutrition Programs",1.85,"SNAP, Other Nutrition Programs",0.62,0,0.38,"$39,182,840 ",$2.94 ,0.19,23670,0.59,0.41,627049
Vermont,VT,2012,0.134,"83,630",1.85,"SNAP, Other Nutrition Programs",1.85,"SNAP, Other Nutrition Programs",0.63,0,0.37,"$44,884,000 ",$3.06 ,0.2,"24,530",0.63,0.37,626090
Vermont,VT,2013,0.136,"85,010",1.85,"SNAP, Other Nutrition Programs",1.85,"SNAP, Other Nutrition Programs",0.64,0,0.36,"$47,139,000 ",$3.13 ,0.19,"24,330",0.65,0.35,626210
Vermont,VT,2014,0.135,"84,870",1.85,"SNAP, Other Nutrition Programs",1.85,"SNAP, Other Nutrition Programs",0.6,,0.4,"$49,174,000 ",$3.28 ,0.19,"23,310",0.59,0.41,625214
Vermont,VT,2015,0.119,"74,600",1.85,"SNAP, Other Nutrition Programs",1.85,"SNAP, Other Nutrition Programs",0.65,,0.35,"$45,311,000 ",$3.39 ,0.16,"18,820",0.62,0.38,625216
Vermont,VT,2016,0.121,"75,360",1.85,"SNAP, Other Nutrition Programs",1.85,"SNAP, Other Nutrition Programs",0.59,,0.41,"$43,688,000 ",$3.39 ,0.16,"18,620",0.58,0.42,623657
Vermont,VT,2017,0.119,"74,520",1.85,"SNAP, Other Nutrition Programs",1.85,"SNAP, Other Nutrition Programs",0.6,,0.4,"$42,994,000 ",$3.38 ,0.16,"18,760",0.61,0.39,624344
Vermont,VT,2018,0.113,"70,580",1.85,"SNAP, Other Nutrition Programs",1.85,"SNAP, Other Nutrition Programs",0.55,,0.45,"$41,756,000 ",$3.50 ,0.15,"17,550",0.56,0.44,624358
Washington,WA,2019,0.104,"790,050",2,"SNAP, Other Nutrition Programs",2,"SNAP, Other Nutrition Programs",0.61,,0.39,"$433,418,000 ",$3.21 ,0.14,"230,440",0.56,0.44,7614893
Washington,WA,2009,0.148,"953,820",2,SNAP,2,SNAP,0.61,0,0.39,"$412,052,030 ",$2.59 ,0.25,"382,860",0.59,0.41,6667426
Washington,WA,2010,0.159,"1,069,360",2,"SNAP, Other Nutrition Programs",2,"SNAP, Other Nutrition Programs",0.64,0,0.36,"$465,693,410 ",$2.53 ,0.24,"378,020",0.62,0.38,6742830
Washington,WA,2011,0.161,1101490,2,"SNAP, Other Nutrition Programs",2,"SNAP, Other Nutrition Programs",0.61,0,0.39,"$474,073,050 ",$2.64 ,0.24,375880,0.65,0.35,6826627
Washington,WA,2012,0.15,"1,031,460",2,"SNAP, Other Nutrition Programs",2,"SNAP, Other Nutrition Programs",0.67,0,0.33,"$486,204,000 ",$2.69 ,0.23,"370,380",0.63,0.37,6897058
Washington,WA,2013,0.146,"1,017,900",2,"SNAP, Other Nutrition Programs",2,"SNAP, Other Nutrition Programs",0.69,0,0.31,"$509,330,000 ",$2.83 ,0.23,"366,450",0.65,0.35,6963985
Washington,WA,2014,0.137,"970,150",2,"SNAP, Other Nutrition Programs",2,"SNAP, Other Nutrition Programs",0.69,,0.31,"$497,509,000 ",$2.90 ,0.21,"337,320",0.61,0.39,7054655
Washington,WA,2015,0.128,"915,550",2,"SNAP, Other Nutrition Programs",2,"SNAP, Other Nutrition Programs",0.69,,0.31,"$489,610,000 ",$2.98 ,0.19,"306,560",0.64,0.36,7163657
Washington,WA,2016,0.12,"872,720",2,"SNAP, Other Nutrition Programs",2,"SNAP, Other Nutrition Programs",0.67,,0.33,"$448,899,000 ",$3.01 ,0.18,"284,480",0.61,0.39,7294771
Washington,WA,2017,0.115,"848,990",2,"SNAP, Other Nutrition Programs",2,"SNAP, Other Nutrition Programs",0.65,,0.35,"$440,879,000 ",$3.04 ,0.17,"284,760",0.57,0.43,7423362
Washington,WA,2018,0.107,"804,080",2,"SNAP, Other Nutrition Programs",2,"SNAP, Other Nutrition Programs",0.66,,0.35,"$438,026,000 ",$3.22 ,0.15,"244,480",0.57,0.43,7523869
"Washington, D.C.",DC,2019,0.1,"70,480",2,"SNAP, Other Nutrition Programs",2,"SNAP, Other Nutrition Programs",0.7,,0.3,"$49,250,000 ",$4.09 ,0.15,"19,250",0.68,0.32,705749
Wisconsin,WI,2009,0.131,"733,180",2,SNAP,2,SNAP,0.58,0,0.42,"$285,310,530 ",$2.33 ,0.23,"297,870",0.56,0.44,5669264
Wisconsin,WI,2010,0.133,"756,120",2,"SNAP, Other Nutrition Programs",2,"SNAP, Other Nutrition Programs",0.64,0,0.36,"$311,060,070 ",$2.39 ,0.21,"279,920",0.64,0.36,5690475
Wisconsin,WI,2011,0.13,744410,2,"SNAP, Other Nutrition Programs",2,"SNAP, Other Nutrition Programs",0.66,0,0.35,"$290,048,670 ",$2.39 ,0.21,270150,0.65,0.35,5705288
Wisconsin,WI,2012,0.126,"724,370",2,"SNAP, Other Nutrition Programs",2,"SNAP, Other Nutrition Programs",0.7,0,0.31,"$313,641,000 ",$2.47 ,0.21,"273,140",0.64,0.36,5719960
Wisconsin,WI,2013,0.124,"714,000",2,"SNAP, Other Nutrition Programs",2,"SNAP, Other Nutrition Programs",0.7,0,0.3,"$323,421,000 ",$2.56 ,0.2,"270,460",0.67,0.33,5736754
Wisconsin,WI,2014,0.119,"687,370",2,"SNAP, Other Nutrition Programs",2,"SNAP, Other Nutrition Programs",0.71,,0.29,"$322,748,000 ",$2.66 ,0.19,"248,570",0.64,0.36,5751525
Wisconsin,WI,2015,0.11,"633,170",2,"SNAP, Other Nutrition Programs",2,"SNAP, Other Nutrition Programs",0.7,,0.3,"$307,507,000 ",$2.71 ,0.17,"219,280",0.65,0.35,5760940
Wisconsin,WI,2016,0.105,"609,360",2,"SNAP, Other Nutrition Programs",2,"SNAP, Other Nutrition Programs",0.69,,0.31,"$290,129,000 ",$2.79 ,0.16,"205,660",0.64,0.36,5772628
Wisconsin,WI,2017,0.1,"578,480",2,"SNAP, Other Nutrition Programs",2,"SNAP, Other Nutrition Programs",0.69,,0.31,"$273,911,000 ",$2.77 ,0.15,"197,290",0.62,0.38,5790186
Wisconsin,WI,2018,0.089,"515,930",2,"SNAP, Other Nutrition Programs",2,"SNAP, Other Nutrition Programs",0.67,,0.33,"$248,085,000 ",$2.84 ,0.14,"179,180",0.67,0.33,5807406
West Virginia,WV,2019,0.135,"242,180",2,"SNAP, Other Nutrition Programs",2,"SNAP, Other Nutrition Programs",0.68,,0.33,"$113,985,000 ",$2.75 ,0.19,"68,310",0.69,0.31,1792147
West Virginia,WV,2009,0.14,"253,580",1.3,SNAP,1.85,other nutrition pgm,0.52,0.17,0.31,"$105,565,460 ",$2.49 ,0.22,"85,200",0.67,0.33,1847775
West Virginia,WV,2010,0.147,"271,750",1.3,SNAP,1.85,Other Nutrition Program,0.49,0.17,0.33,"$112,262,940 ",$2.40 ,0.21,"79,360",0.65,0.35,1854239
West Virginia,WV,2011,0.153,283300,1.3,SNAP,1.85,Other Nutrition Program,0.51,0.18,0.31,"$117,773,490 ",$2.55 ,0.22,82220,0.66,0.34,1856301
West Virginia,WV,2012,0.15,"278,280",1.3,SNAP,1.85,Other Nutrition Program,0.52,0.15,0.33,"$126,468,000 ",$2.59 ,0.22,"83,190",0.68,0.32,1856872
West Virginia,WV,2013,0.158,"292,500",1.3,SNAP,1.85,Other Nutrition Program,0.52,0.14,0.34,"$133,967,000 ",$2.59 ,0.23,"89,880",0.67,0.33,1853914
West Virginia,WV,2014,0.153,"282,900",1.3,SNAP,1.85,Other Nutrition Program,0.51,0.14,0.35,"$133,864,000 ",$2.68 ,0.22,"82,220",0.68,0.32,1849489
West Virginia,WV,2015,0.149,"275,280",1.3,SNAP,1.85,Other Nutrition Program,0.53,0.17,0.3,"$132,485,000 ",$2.68 ,0.21,"79,050",0.68,0.32,1842050
West Virginia,WV,2016,0.146,"267,280",1.3,SNAP,1.85,Other Nutrition Program,0.54,0.13,0.33,"$126,636,000 ",$2.77 ,0.2,"75,970",0.72,0.28,1831023
West Virginia,WV,2017,0.148,"268,070",2,"SNAP, Other Nutrition Programs",2,"SNAP, Other Nutrition Programs",0.69,,0.31,"$123,886,000 ",$2.71 ,0.21,"76,970",0.65,0.35,1817004
West Virginia,WV,2018,0.139,"250,600",2,"SNAP, Other Nutrition Programs",2,"SNAP, Other Nutrition Programs",0.69,,0.31,"$114,692,000 ",$2.70 ,0.2,"73,770",0.73,0.27,1804291
Wisconsin,WI,2019,0.091,"530,500",2,"SNAP, Other Nutrition Programs",2,"SNAP, Other Nutrition Programs",0.62,,0.38,"$263,205,000 ",$2.90 ,0.14,"179,160",0.67,0.33,5822434
Wyoming,WY,2009,0.121,"63,280",1.3,SNAP,1.85,other nutrition pgm,0.36,0.2,0.44,"$27,229,660 ",$2.58 ,0.21,"25,940",0.53,0.47,559851
Wyoming,WY,2010,0.122,"68,760",1.3,SNAP,1.85,Other Nutrition Program,0.37,0.21,0.42,"$28,760,590 ",$2.43 ,0.19,"25,060",0.58,0.43,564487
Wyoming,WY,2011,0.12,68120,1.3,SNAP,1.85,Other Nutrition Program,0.39,0.22,0.39,"$29,651,500 ",$2.67 ,0.18,23820,0.57,0.43,567299
Wyoming,WY,2012,0.13,"74,960",1.3,SNAP,1.85,Other Nutrition Program,0.41,0.17,0.42,"$36,470,000 ",$2.78 ,0.19,"26,190",0.5,0.5,576305
Wyoming,WY,2013,0.128,"74,470",1.3,SNAP,1.85,Other Nutrition Program,0.41,0.15,0.44,"$38,447,000 ",$2.92 ,0.19,"25,420",0.54,0.46,582122
Wyoming,WY,2014,0.126,"73,400",1.3,SNAP,1.85,Other Nutrition Program,0.43,0.14,0.43,"$39,387,000 ",$3.04 ,0.17,"23,130",0.57,0.43,582531
Wyoming,WY,2015,0.123,"72,260",1.3,SNAP,1.85,Other Nutrition Program,0.42,0.17,0.41,"$38,980,000 ",$3.01 ,0.17,"23,550",0.56,0.44,585613
Wyoming,WY,2016,0.126,"73,830",1.3,SNAP,1.85,Other Nutrition Program,0.42,0.16,0.43,"$38,653,000 ",$3.06 ,0.17,"23,500",0.56,0.44,584215
Wyoming,WY,2017,0.123,"71,060",1.3,SNAP,1.85,Other Nutrition Program,0.4,0.14,0.46,"$36,970,000 ",$3.05 ,0.17,"23,960",0.54,0.46,578931
Wyoming,WY,2018,0.122,"70,640",1.3,SNAP,1.85,Other Nutrition Program,0.42,0.14,0.44,"$37,306,000 ",$3.12 ,0.16,"21,160",0.59,0.41,577601
Wyoming,WY,2019,0.117,"67,750",1.3,SNAP,1.85,Other Nutrition Program,0.41,0.16,0.44,"$36,177,000 ",$3.12 ,0.14,"19,370",0.58,0.42,578759
